<?xml version="1.0" encoding="UTF-8"?>
<office:document-meta xmlns:office="urn:oasis:names:tc:opendocument:xmlns:office:1.0" xmlns:xlink="http://www.w3.org/1999/xlink" xmlns:dc="http://purl.org/dc/elements/1.1/" xmlns:meta="urn:oasis:names:tc:opendocument:xmlns:meta:1.0" xmlns:ooo="http://openoffice.org/2004/office" office:version="1.0"><office:meta><meta:generator>OpenOffice.org/2.0$Win32 OpenOffice.org_project/680m1$Build-8990</meta:generator><meta:initial-creator>pierre-marie Boitel</meta:initial-creator><meta:creation-date>2005-05-01T20:51:28</meta:creation-date><dc:creator>BOITEL Pierre-Marie</dc:creator><dc:date>2006-02-01T21:28:50</dc:date><meta:printed-by>BOITEL Pierre-Marie</meta:printed-by><meta:print-date>2005-11-30T21:27:33</meta:print-date><dc:language>fr-FR</dc:language><meta:editing-cycles>108</meta:editing-cycles><meta:editing-duration>PT12H0M31S</meta:editing-duration><meta:user-defined meta:name="Info 1"/><meta:user-defined meta:name="Info 2"/><meta:user-defined meta:name="Info 3"/><meta:user-defined meta:name="Info 4"/><meta:document-statistic meta:table-count="0" meta:image-count="0" meta:object-count="55" meta:page-count="12" meta:paragraph-count="186" meta:word-count="2931" meta:character-count="18228"/></office:meta></office:document-meta>