<?xml version="1.0" encoding="UTF-8"?>
<office:document-styles xmlns:office="urn:oasis:names:tc:opendocument:xmlns:office:1.0" xmlns:style="urn:oasis:names:tc:opendocument:xmlns:style:1.0" xmlns:text="urn:oasis:names:tc:opendocument:xmlns:text:1.0" xmlns:table="urn:oasis:names:tc:opendocument:xmlns:table:1.0" xmlns:draw="urn:oasis:names:tc:opendocument:xmlns:drawing:1.0" xmlns:fo="urn:oasis:names:tc:opendocument:xmlns:xsl-fo-compatible:1.0" xmlns:xlink="http://www.w3.org/1999/xlink" xmlns:dc="http://purl.org/dc/elements/1.1/" xmlns:meta="urn:oasis:names:tc:opendocument:xmlns:meta:1.0" xmlns:number="urn:oasis:names:tc:opendocument:xmlns:datastyle:1.0" xmlns:svg="urn:oasis:names:tc:opendocument:xmlns:svg-compatible:1.0" xmlns:chart="urn:oasis:names:tc:opendocument:xmlns:chart:1.0" xmlns:dr3d="urn:oasis:names:tc:opendocument:xmlns:dr3d:1.0" xmlns:math="http://www.w3.org/1998/Math/MathML" xmlns:form="urn:oasis:names:tc:opendocument:xmlns:form:1.0" xmlns:script="urn:oasis:names:tc:opendocument:xmlns:script:1.0" xmlns:ooo="http://openoffice.org/2004/office" xmlns:ooow="http://openoffice.org/2004/writer" xmlns:oooc="http://openoffice.org/2004/calc" xmlns:dom="http://www.w3.org/2001/xml-events" office:version="1.0"><office:font-face-decls><style:font-face style:name="StarSymbol" svg:font-family="StarSymbol" style:font-charset="x-symbol"/><style:font-face style:name="Symbol2" svg:font-family="Symbol" style:font-pitch="variable" style:font-charset="x-symbol"/><style:font-face style:name="Wingdings" svg:font-family="Wingdings" style:font-pitch="variable" style:font-charset="x-symbol"/><style:font-face style:name="Wingdings1" svg:font-family="Wingdings" style:font-adornments="Normal" style:font-pitch="variable" style:font-charset="x-symbol"/><style:font-face style:name="Symbol1" svg:font-family="Symbol" style:font-family-generic="roman" style:font-pitch="variable" style:font-charset="x-symbol"/><style:font-face style:name="Symbol" svg:font-family="Symbol" style:font-adornments="Normal" style:font-family-generic="roman" style:font-pitch="variable" style:font-charset="x-symbol"/><style:font-face style:name="Tahoma3" svg:font-family="Tahoma"/><style:font-face style:name="Albany1" svg:font-family="Albany" style:font-pitch="variable"/><style:font-face style:name="Andale Sans UI" svg:font-family="&apos;Andale Sans UI&apos;" style:font-pitch="variable"/><style:font-face style:name="Lucidasans" svg:font-family="Lucidasans" style:font-pitch="variable"/><style:font-face style:name="Mincho" svg:font-family="Mincho" style:font-pitch="variable"/><style:font-face style:name="Tahoma1" svg:font-family="Tahoma" style:font-pitch="variable"/><style:font-face style:name="Andale Sans UI1" svg:font-family="&apos;Andale Sans UI&apos;" style:font-family-generic="roman" style:font-pitch="variable"/><style:font-face style:name="Bookman Old Style" svg:font-family="&apos;Bookman Old Style&apos;" style:font-family-generic="roman" style:font-pitch="variable"/><style:font-face style:name="Tahoma2" svg:font-family="Tahoma" style:font-family-generic="roman" style:font-pitch="variable"/><style:font-face style:name="Thorndale" svg:font-family="Thorndale" style:font-family-generic="roman" style:font-pitch="variable"/><style:font-face style:name="Times1" svg:font-family="Times" style:font-family-generic="roman" style:font-pitch="variable"/><style:font-face style:name="Times" svg:font-family="Times" style:font-adornments="Normal" style:font-family-generic="roman" style:font-pitch="variable"/><style:font-face style:name="Times New Roman" svg:font-family="&apos;Times New Roman&apos;" style:font-family-generic="roman" style:font-pitch="variable"/><style:font-face style:name="Albany" svg:font-family="Albany" style:font-family-generic="swiss" style:font-pitch="variable"/><style:font-face style:name="Tahoma" svg:font-family="Tahoma" style:font-adornments="Normal" style:font-family-generic="swiss" style:font-pitch="variable"/><style:font-face style:name="Verdana" svg:font-family="Verdana" style:font-family-generic="swiss" style:font-pitch="variable"/></office:font-face-decls><office:styles><draw:marker draw:name="Rounded_20_large_20_Arrow" draw:display-name="Rounded large Arrow" svg:viewBox="0 0 1131 2256" svg:d="m1127 2120-449-2006-9-42-25-39-38-25-38-8-43 8-38 25-25 39-9 42-449 2006v13l-4 9 9 42 25 38 38 25 42 9h903l42-9 38-25 26-38 8-42v-9z"/><style:default-style style:family="graphic"><style:graphic-properties draw:shadow-offset-x="0.3cm" draw:shadow-offset-y="0.3cm" draw:start-line-spacing-horizontal="0.283cm" draw:start-line-spacing-vertical="0.283cm" draw:end-line-spacing-horizontal="0.283cm" draw:end-line-spacing-vertical="0.283cm" style:flow-with-text="true"/><style:paragraph-properties style:text-autospace="ideograph-alpha" style:line-break="strict" style:writing-mode="lr-tb" style:font-independent-line-spacing="false"><style:tab-stops/></style:paragraph-properties><style:text-properties style:use-window-font-color="true" fo:font-size="12pt" fo:language="fr" fo:country="FR" style:font-size-asian="12pt" style:language-asian="none" style:country-asian="none" style:font-size-complex="12pt" style:language-complex="none" style:country-complex="none"/></style:default-style><style:default-style style:family="paragraph"><style:paragraph-properties fo:hyphenation-ladder-count="no-limit" style:text-autospace="ideograph-alpha" style:punctuation-wrap="hanging" style:line-break="strict" style:tab-stop-distance="1.251cm" style:writing-mode="page"/><style:text-properties style:use-window-font-color="true" style:font-name="Thorndale" fo:font-size="12pt" fo:language="fr" fo:country="FR" style:font-name-asian="Andale Sans UI" style:font-size-asian="12pt" style:language-asian="none" style:country-asian="none" style:font-name-complex="Tahoma1" style:font-size-complex="12pt" style:language-complex="none" style:country-complex="none" fo:hyphenate="false" fo:hyphenation-remain-char-count="2" fo:hyphenation-push-char-count="2"/></style:default-style><style:default-style style:family="table"><style:table-properties table:border-model="separating"/></style:default-style><style:default-style style:family="table-row"><style:table-row-properties fo:keep-together="auto"/></style:default-style><style:style style:name="Standard" style:family="paragraph" style:class="text"><style:text-properties style:font-name="Times" fo:font-weight="normal"/></style:style><style:style style:name="Text_20_body" style:display-name="Text body" style:family="paragraph" style:parent-style-name="Standard" style:class="text"><style:paragraph-properties fo:margin-top="0cm" fo:margin-bottom="0.212cm"/></style:style><style:style style:name="Heading" style:family="paragraph" style:parent-style-name="Standard" style:next-style-name="Text_20_body" style:class="text"><style:paragraph-properties fo:margin-top="0.423cm" fo:margin-bottom="0.212cm" fo:keep-with-next="always"/><style:text-properties style:font-name="Albany" fo:font-size="14pt" style:font-name-asian="Mincho" style:font-size-asian="14pt" style:font-name-complex="Lucidasans" style:font-size-complex="14pt"/></style:style><style:style style:name="Heading_20_5" style:display-name="Heading 5" style:family="paragraph" style:parent-style-name="Standard" style:next-style-name="Standard" style:class="text" style:default-outline-level="5"><style:paragraph-properties fo:margin-left="0cm" fo:margin-right="0cm" fo:margin-top="0.423cm" fo:margin-bottom="0.106cm" fo:text-indent="0cm" style:auto-text-indent="false"/><style:text-properties fo:font-size="13pt" fo:font-style="italic" fo:font-weight="bold" style:font-size-asian="13pt" style:font-style-asian="italic" style:font-weight-asian="bold" style:font-size-complex="13pt" style:font-style-complex="italic" style:font-weight-complex="bold"/></style:style><style:style style:name="List" style:family="paragraph" style:parent-style-name="Text_20_body" style:class="list"><style:text-properties style:font-name-complex="Tahoma3"/></style:style><style:style style:name="Header" style:family="paragraph" style:parent-style-name="Standard" style:class="extra"><style:paragraph-properties><style:tab-stops><style:tab-stop style:position="8.001cm" style:type="center"/><style:tab-stop style:position="16.002cm" style:type="right"/></style:tab-stops></style:paragraph-properties></style:style><style:style style:name="Header_20_left" style:display-name="Header left" style:family="paragraph" style:parent-style-name="Standard" style:class="extra"><style:paragraph-properties text:number-lines="false" text:line-number="0"><style:tab-stops><style:tab-stop style:position="8.5cm" style:type="center"/><style:tab-stop style:position="17cm" style:type="right"/></style:tab-stops></style:paragraph-properties></style:style><style:style style:name="Footer" style:family="paragraph" style:parent-style-name="Standard" style:class="extra"><style:paragraph-properties text:number-lines="false" text:line-number="0"><style:tab-stops><style:tab-stop style:position="8.5cm" style:type="center"/><style:tab-stop style:position="17cm" style:type="right"/></style:tab-stops></style:paragraph-properties></style:style><style:style style:name="Table_20_Contents" style:display-name="Table Contents" style:family="paragraph" style:parent-style-name="Standard" style:class="extra"><style:paragraph-properties text:number-lines="false" text:line-number="0"/></style:style><style:style style:name="Table_20_Heading" style:display-name="Table Heading" style:family="paragraph" style:parent-style-name="Table_20_Contents" style:class="extra"><style:paragraph-properties fo:text-align="center" style:justify-single-word="false" text:number-lines="false" text:line-number="0"/><style:text-properties fo:font-style="italic" fo:font-weight="bold" style:font-style-asian="italic" style:font-weight-asian="bold" style:font-style-complex="italic" style:font-weight-complex="bold"/></style:style><style:style style:name="Caption" style:family="paragraph" style:parent-style-name="Standard" style:class="extra"><style:paragraph-properties fo:margin-top="0.212cm" fo:margin-bottom="0.212cm" text:number-lines="false" text:line-number="0"/><style:text-properties fo:font-size="10pt" fo:font-style="italic" style:font-size-asian="10pt" style:font-style-asian="italic" style:font-name-complex="Tahoma3" style:font-size-complex="10pt" style:font-style-complex="italic"/></style:style><style:style style:name="Illustration" style:family="paragraph" style:parent-style-name="Caption" style:class="extra"/><style:style style:name="Frame_20_contents" style:display-name="Frame contents" style:family="paragraph" style:parent-style-name="Text_20_body" style:class="extra"/><style:style style:name="Index" style:family="paragraph" style:parent-style-name="Standard" style:class="index"><style:paragraph-properties text:number-lines="false" text:line-number="0"/><style:text-properties style:font-name-complex="Tahoma3"/></style:style><style:style style:name="WW-Corps_20_de_20_texte_20_3" style:display-name="WW-Corps de texte 3" style:family="paragraph" style:parent-style-name="Standard"><style:paragraph-properties fo:text-align="center" style:justify-single-word="false"/><style:text-properties style:font-name="Bookman Old Style" fo:font-size="10pt" style:font-size-asian="10pt" style:font-size-complex="10pt"/></style:style><style:style style:name="Normal2" style:family="paragraph" style:parent-style-name="Standard"><style:paragraph-properties fo:margin-left="2cm" fo:margin-right="0cm" fo:text-align="justify" style:justify-single-word="false" fo:text-indent="0cm" style:auto-text-indent="false"><style:tab-stops><style:tab-stop style:position="1cm"/></style:tab-stops></style:paragraph-properties></style:style><style:style style:name="Footnote_20_Symbol" style:display-name="Footnote Symbol" style:family="text"/><style:style style:name="Bullet_20_Symbols" style:display-name="Bullet Symbols" style:family="text"><style:text-properties style:font-name="StarSymbol" fo:font-size="9pt" style:font-name-asian="StarSymbol" style:font-size-asian="9pt" style:font-name-complex="StarSymbol" style:font-size-complex="9pt"/></style:style><style:style style:name="Endnote_20_Symbol" style:display-name="Endnote Symbol" style:family="text"/><style:style style:name="WW8Num54z0" style:family="text"><style:text-properties style:font-name="Wingdings"/></style:style><style:style style:name="WW8Num29z0" style:family="text"><style:text-properties style:font-name="Wingdings"/></style:style><style:style style:name="WW8Num6z0" style:family="text"><style:text-properties style:font-name="Wingdings" style:font-name-complex="Wingdings"/></style:style><style:style style:name="Frame" style:family="graphic"><style:graphic-properties text:anchor-type="paragraph" svg:x="0cm" svg:y="0cm" style:wrap="parallel" style:number-wrapped-paragraphs="no-limit" style:wrap-contour="false" style:vertical-pos="top" style:vertical-rel="paragraph-content" style:horizontal-pos="center" style:horizontal-rel="paragraph-content"/></style:style><style:style style:name="Graphics" style:family="graphic"><style:graphic-properties text:anchor-type="paragraph" svg:x="0cm" svg:y="0cm" style:wrap="none" style:vertical-pos="top" style:vertical-rel="paragraph" style:horizontal-pos="center" style:horizontal-rel="paragraph"/></style:style><style:style style:name="OLE" style:family="graphic"><style:graphic-properties text:anchor-type="paragraph" svg:x="0cm" svg:y="0cm" style:wrap="none" style:vertical-pos="top" style:vertical-rel="paragraph" style:horizontal-pos="center" style:horizontal-rel="paragraph"/></style:style><style:style style:name="Formula" style:family="graphic"><style:graphic-properties text:anchor-type="as-char" svg:y="0cm" fo:margin-left="0.201cm" fo:margin-right="0.201cm" style:vertical-pos="middle" style:vertical-rel="text"/></style:style><text:outline-style><text:outline-level-style text:level="1" style:num-format=""/><text:outline-level-style text:level="2" style:num-format=""/><text:outline-level-style text:level="3" style:num-format=""/><text:outline-level-style text:level="4" style:num-format=""/><text:outline-level-style text:level="5" style:num-format=""/><text:outline-level-style text:level="6" style:num-format=""/><text:outline-level-style text:level="7" style:num-format=""/><text:outline-level-style text:level="8" style:num-format=""/><text:outline-level-style text:level="9" style:num-format=""/><text:outline-level-style text:level="10" style:num-format=""/></text:outline-style><text:list-style style:name="WW8Num54" text:consecutive-numbering="true"><text:list-level-style-bullet text:level="1" text:style-name="WW8Num54z0" style:num-suffix="." text:bullet-char=""><style:list-level-properties text:min-label-width="0.635cm"/><style:text-properties style:font-name="Wingdings"/></text:list-level-style-bullet><text:list-level-style-number text:level="2" style:num-suffix="." style:num-format="1"><style:list-level-properties text:space-before="0.501cm" text:min-label-width="0.499cm"/></text:list-level-style-number><text:list-level-style-number text:level="3" style:num-suffix="." style:num-format="1"><style:list-level-properties text:space-before="1cm" text:min-label-width="0.499cm"/></text:list-level-style-number><text:list-level-style-number text:level="4" style:num-suffix="." style:num-format="1"><style:list-level-properties text:space-before="1.501cm" text:min-label-width="0.499cm"/></text:list-level-style-number><text:list-level-style-number text:level="5" style:num-suffix="." style:num-format="1"><style:list-level-properties text:space-before="2cm" text:min-label-width="0.499cm"/></text:list-level-style-number><text:list-level-style-number text:level="6" style:num-suffix="." style:num-format="1"><style:list-level-properties text:space-before="2.501cm" text:min-label-width="0.499cm"/></text:list-level-style-number><text:list-level-style-number text:level="7" style:num-suffix="." style:num-format="1"><style:list-level-properties text:space-before="3.001cm" text:min-label-width="0.499cm"/></text:list-level-style-number><text:list-level-style-number text:level="8" style:num-suffix="." style:num-format="1"><style:list-level-properties text:space-before="3.502cm" text:min-label-width="0.499cm"/></text:list-level-style-number><text:list-level-style-number text:level="9" style:num-suffix="." style:num-format="1"><style:list-level-properties text:space-before="4.001cm" text:min-label-width="0.499cm"/></text:list-level-style-number><text:list-level-style-number text:level="10" style:num-suffix="." style:num-format="1"><style:list-level-properties text:space-before="4.502cm" text:min-label-width="0.499cm"/></text:list-level-style-number></text:list-style><text:list-style style:name="WW8Num29" text:consecutive-numbering="true"><text:list-level-style-bullet text:level="1" text:style-name="WW8Num29z0" style:num-suffix="." text:bullet-char=""><style:list-level-properties text:min-label-width="0.635cm"/><style:text-properties style:font-name="Wingdings"/></text:list-level-style-bullet><text:list-level-style-number text:level="2" style:num-suffix="." style:num-format="1"><style:list-level-properties text:space-before="0.501cm" text:min-label-width="0.499cm"/></text:list-level-style-number><text:list-level-style-number text:level="3" style:num-suffix="." style:num-format="1"><style:list-level-properties text:space-before="1cm" text:min-label-width="0.499cm"/></text:list-level-style-number><text:list-level-style-number text:level="4" style:num-suffix="." style:num-format="1"><style:list-level-properties text:space-before="1.501cm" text:min-label-width="0.499cm"/></text:list-level-style-number><text:list-level-style-number text:level="5" style:num-suffix="." style:num-format="1"><style:list-level-properties text:space-before="2cm" text:min-label-width="0.499cm"/></text:list-level-style-number><text:list-level-style-number text:level="6" style:num-suffix="." style:num-format="1"><style:list-level-properties text:space-before="2.501cm" text:min-label-width="0.499cm"/></text:list-level-style-number><text:list-level-style-number text:level="7" style:num-suffix="." style:num-format="1"><style:list-level-properties text:space-before="3.001cm" text:min-label-width="0.499cm"/></text:list-level-style-number><text:list-level-style-number text:level="8" style:num-suffix="." style:num-format="1"><style:list-level-properties text:space-before="3.502cm" text:min-label-width="0.499cm"/></text:list-level-style-number><text:list-level-style-number text:level="9" style:num-suffix="." style:num-format="1"><style:list-level-properties text:space-before="4.001cm" text:min-label-width="0.499cm"/></text:list-level-style-number><text:list-level-style-number text:level="10" style:num-suffix="." style:num-format="1"><style:list-level-properties text:space-before="4.502cm" text:min-label-width="0.499cm"/></text:list-level-style-number></text:list-style><text:list-style style:name="WW8Num6" text:consecutive-numbering="true"><text:list-level-style-bullet text:level="1" text:style-name="WW8Num6z0" style:num-suffix="." text:bullet-char="§"><style:list-level-properties text:min-label-width="0.635cm"/><style:text-properties style:font-name="Wingdings"/></text:list-level-style-bullet><text:list-level-style-number text:level="2" style:num-suffix="." style:num-format="1"><style:list-level-properties text:space-before="0.501cm" text:min-label-width="0.499cm"/></text:list-level-style-number><text:list-level-style-number text:level="3" style:num-suffix="." style:num-format="1"><style:list-level-properties text:space-before="1cm" text:min-label-width="0.499cm"/></text:list-level-style-number><text:list-level-style-number text:level="4" style:num-suffix="." style:num-format="1"><style:list-level-properties text:space-before="1.501cm" text:min-label-width="0.499cm"/></text:list-level-style-number><text:list-level-style-number text:level="5" style:num-suffix="." style:num-format="1"><style:list-level-properties text:space-before="2cm" text:min-label-width="0.499cm"/></text:list-level-style-number><text:list-level-style-number text:level="6" style:num-suffix="." style:num-format="1"><style:list-level-properties text:space-before="2.501cm" text:min-label-width="0.499cm"/></text:list-level-style-number><text:list-level-style-number text:level="7" style:num-suffix="." style:num-format="1"><style:list-level-properties text:space-before="3.001cm" text:min-label-width="0.499cm"/></text:list-level-style-number><text:list-level-style-number text:level="8" style:num-suffix="." style:num-format="1"><style:list-level-properties text:space-before="3.502cm" text:min-label-width="0.499cm"/></text:list-level-style-number><text:list-level-style-number text:level="9" style:num-suffix="." style:num-format="1"><style:list-level-properties text:space-before="4.001cm" text:min-label-width="0.499cm"/></text:list-level-style-number><text:list-level-style-number text:level="10" style:num-suffix="." style:num-format="1"><style:list-level-properties text:space-before="4.502cm" text:min-label-width="0.499cm"/></text:list-level-style-number></text:list-style><text:list-style style:name="WW8Num8" text:consecutive-numbering="true"><text:list-level-style-number text:level="1" style:num-suffix="." style:num-format="1"><style:list-level-properties text:space-before="0.635cm" text:min-label-width="0.635cm"/></text:list-level-style-number><text:list-level-style-number text:level="2" style:num-suffix="." style:num-format="1"><style:list-level-properties text:space-before="0.501cm" text:min-label-width="0.499cm"/></text:list-level-style-number><text:list-level-style-number text:level="3" style:num-suffix="." style:num-format="1"><style:list-level-properties text:space-before="1cm" text:min-label-width="0.499cm"/></text:list-level-style-number><text:list-level-style-number text:level="4" style:num-suffix="." style:num-format="1"><style:list-level-properties text:space-before="1.501cm" text:min-label-width="0.499cm"/></text:list-level-style-number><text:list-level-style-number text:level="5" style:num-suffix="." style:num-format="1"><style:list-level-properties text:space-before="2cm" text:min-label-width="0.499cm"/></text:list-level-style-number><text:list-level-style-number text:level="6" style:num-suffix="." style:num-format="1"><style:list-level-properties text:space-before="2.501cm" text:min-label-width="0.499cm"/></text:list-level-style-number><text:list-level-style-number text:level="7" style:num-suffix="." style:num-format="1"><style:list-level-properties text:space-before="3.001cm" text:min-label-width="0.499cm"/></text:list-level-style-number><text:list-level-style-number text:level="8" style:num-suffix="." style:num-format="1"><style:list-level-properties text:space-before="3.502cm" text:min-label-width="0.499cm"/></text:list-level-style-number><text:list-level-style-number text:level="9" style:num-suffix="." style:num-format="1"><style:list-level-properties text:space-before="4.001cm" text:min-label-width="0.499cm"/></text:list-level-style-number><text:list-level-style-number text:level="10" style:num-suffix="." style:num-format="1"><style:list-level-properties text:space-before="4.502cm" text:min-label-width="0.499cm"/></text:list-level-style-number></text:list-style><text:notes-configuration text:note-class="footnote" text:citation-style-name="Footnote_20_Symbol" style:num-format="1" text:start-value="0" text:footnotes-position="page" text:start-numbering-at="page"/><text:notes-configuration text:note-class="endnote" text:citation-style-name="Endnote_20_Symbol" text:master-page-name="Endnote" style:num-format="1" text:start-value="0"/><text:linenumbering-configuration text:number-lines="false" text:offset="0.499cm" style:num-format="1" text:number-position="left" text:increment="5"/></office:styles><office:automatic-styles><style:style style:name="P1" style:family="paragraph" style:parent-style-name="Footer"><style:paragraph-properties fo:text-align="end" style:justify-single-word="false"/><style:text-properties fo:font-weight="bold" style:font-weight-asian="bold" style:font-weight-complex="bold"/></style:style><style:style style:name="P2" style:family="paragraph" style:parent-style-name="Footer"><style:text-properties style:font-name="Symbol"/></style:style><style:style style:name="P3" style:family="paragraph" style:parent-style-name="Header"><style:paragraph-properties fo:text-align="center" style:justify-single-word="false"/></style:style><style:style style:name="P4" style:family="paragraph" style:parent-style-name="Footer"><style:paragraph-properties fo:text-align="end" style:justify-single-word="false" text:number-lines="false" text:line-number="0"><style:tab-stops><style:tab-stop style:position="8.5cm" style:type="center"/><style:tab-stop style:position="17cm" style:type="right"/></style:tab-stops></style:paragraph-properties></style:style><style:style style:name="P5" style:family="paragraph" style:parent-style-name="Footer"><style:paragraph-properties fo:text-align="end" style:justify-single-word="false"/><style:text-properties style:font-name="Symbol" fo:font-style="normal" fo:font-weight="bold" style:font-style-asian="normal" style:font-weight-asian="bold" style:font-style-complex="normal" style:font-weight-complex="bold"/></style:style><style:style style:name="T1" style:family="text"><style:text-properties style:font-name="Symbol"/></style:style><style:style style:name="T2" style:family="text"><style:text-properties style:font-name="Times" fo:font-weight="bold" style:font-weight-asian="bold" style:font-weight-complex="bold"/></style:style><style:style style:name="T3" style:family="text"><style:text-properties style:font-name="Times New Roman"/></style:style><style:page-layout style:name="pm1"><style:page-layout-properties fo:page-width="21.001cm" fo:page-height="29.7cm" style:num-format="1" style:print-orientation="portrait" fo:margin-top="2cm" fo:margin-bottom="2cm" fo:margin-left="2cm" fo:margin-right="2cm" style:writing-mode="lr-tb" style:footnote-max-height="0cm"><style:footnote-sep style:width="0.018cm" style:distance-before-sep="0.101cm" style:distance-after-sep="0.101cm" style:adjustment="left" style:rel-width="25%" style:color="#000000"/></style:page-layout-properties><style:header-style/><style:footer-style/></style:page-layout><style:page-layout style:name="pm2"><style:page-layout-properties fo:page-width="21.001cm" fo:page-height="29.7cm" style:num-format="1" style:print-orientation="portrait" fo:margin-top="2cm" fo:margin-bottom="2cm" fo:margin-left="2cm" fo:margin-right="2cm" style:writing-mode="lr-tb" style:footnote-max-height="0cm"><style:footnote-sep style:adjustment="left" style:rel-width="25%" style:color="#000000"/></style:page-layout-properties><style:header-style/><style:footer-style/></style:page-layout><style:page-layout style:name="pm3"><style:page-layout-properties fo:page-width="21.001cm" fo:page-height="29.7cm" style:num-format="1" style:print-orientation="portrait" fo:margin-top="2cm" fo:margin-bottom="2cm" fo:margin-left="2cm" fo:margin-right="2cm" style:writing-mode="lr-tb" style:footnote-max-height="0cm"><style:footnote-sep style:width="0.018cm" style:distance-before-sep="0.101cm" style:distance-after-sep="0.101cm" style:adjustment="left" style:rel-width="25%" style:color="#000000"/></style:page-layout-properties><style:header-style><style:header-footer-properties fo:min-height="8.498cm" fo:margin-left="0cm" fo:margin-right="0cm" fo:margin-bottom="0.499cm" style:dynamic-spacing="false"/></style:header-style><style:footer-style><style:header-footer-properties fo:min-height="0.998cm" fo:margin-left="0cm" fo:margin-right="0cm" fo:margin-top="0.499cm" style:dynamic-spacing="false"/></style:footer-style></style:page-layout><style:page-layout style:name="pm4"><style:page-layout-properties fo:page-width="21.001cm" fo:page-height="29.7cm" style:num-format="1" style:print-orientation="portrait" fo:margin-top="2cm" fo:margin-bottom="2cm" fo:margin-left="2cm" fo:margin-right="2cm" style:writing-mode="lr-tb" style:footnote-max-height="0cm"><style:footnote-sep style:width="0.018cm" style:distance-before-sep="0.101cm" style:distance-after-sep="0.101cm" style:adjustment="left" style:rel-width="25%" style:color="#000000"/></style:page-layout-properties><style:header-style><style:header-footer-properties fo:min-height="4.999cm" fo:margin-left="0cm" fo:margin-right="0cm" fo:margin-bottom="0.499cm" style:dynamic-spacing="false"/></style:header-style><style:footer-style><style:header-footer-properties svg:height="0.998cm" fo:margin-left="0cm" fo:margin-right="0cm" fo:margin-top="0.499cm" style:dynamic-spacing="false"/></style:footer-style></style:page-layout></office:automatic-styles><office:master-styles><style:master-page style:name="Standard" style:page-layout-name="pm1"/><style:master-page style:name="First_20_Page" style:display-name="First Page" style:page-layout-name="pm1" style:next-style-name="Standard"/><style:master-page style:name="Endnote" style:page-layout-name="pm2"/><style:master-page style:name="Premiere_20_page_20_PSI" style:display-name="Premiere page PSI" style:page-layout-name="pm3"><style:header><text:p text:style-name="Header"/></style:header><style:footer><text:p text:style-name="P1">TOURNEZ LA PAGE <text:span text:style-name="T1">®</text:span></text:p></style:footer><style:footer-left><text:p text:style-name="P2"/></style:footer-left></style:master-page><style:master-page style:name="Standart_20_PSI" style:display-name="Standart PSI" style:page-layout-name="pm4"><style:header><text:p text:style-name="P3"/><text:p text:style-name="P3"/><text:p text:style-name="P3"/><text:p text:style-name="P3"/><text:p text:style-name="P3">- <text:page-number text:select-page="current">12</text:page-number> -</text:p></style:header><style:footer><text:p text:style-name="P4"><text:span text:style-name="T2">-TOURNEZ LA PAGE</text:span><text:span text:style-name="T3"> </text:span><text:span text:style-name="T1">®</text:span></text:p></style:footer><style:footer-left><text:p text:style-name="P5"/></style:footer-left></style:master-page></office:master-styles></office:document-styles>