<?xml version="1.0" encoding="UTF-8"?>
<!DOCTYPE math:math PUBLIC "-//OpenOffice.org//DTD Modified W3C MathML 1.01//EN" "math.dtd"><math:math xmlns:math="http://www.w3.org/1998/Math/MathML"><math:semantics><math:mrow><math:msub><math:mo math:stretchy="false"></math:mo><math:mn>2 </math:mn></math:msub><math:mo math:stretchy="false">=</math:mo><math:mrow><math:mo math:stretchy="false"></math:mo><math:mrow><math:mover math:accent="true"><math:msub><math:mi>x</math:mi><math:mn>1, </math:mn></math:msub><math:mo math:stretchy="false"></math:mo></math:mover><math:mover math:accent="true"><math:msub><math:mi>x</math:mi><math:mn>2</math:mn></math:msub><math:mo math:stretchy="false"></math:mo></math:mover></math:mrow><math:mo math:stretchy="false"></math:mo></math:mrow></math:mrow><math:annotation math:encoding="StarMath 5.0">%theta_2 = (vec x_1, vec x_2)</math:annotation></math:semantics></math:math>