<?xml version="1.0" encoding="UTF-8"?>
<!DOCTYPE math:math PUBLIC "-//OpenOffice.org//DTD Modified W3C MathML 1.01//EN" "math.dtd"><math:math xmlns:math="http://www.w3.org/1998/Math/MathML"><math:semantics><math:mrow><math:mrow><math:mover math:accent="true"><math:mrow><math:msub><math:mi>O</math:mi><math:mn>3 </math:mn></math:msub><math:mi>G</math:mi></math:mrow><math:mo math:stretchy="false"></math:mo></math:mover><math:mo math:stretchy="false">=</math:mo><math:msub><math:mi>x</math:mi><math:mi>G</math:mi></math:msub></math:mrow><math:mrow><math:mover math:accent="true"><math:msub><math:mi>x</math:mi><math:mn>3</math:mn></math:msub><math:mo math:stretchy="false"></math:mo></math:mover><math:mo math:stretchy="false">=</math:mo><math:mn>295 </math:mn></math:mrow><math:mover math:accent="true"><math:msub><math:mi>x</math:mi><math:mn>3</math:mn></math:msub><math:mo math:stretchy="false"></math:mo></math:mover></math:mrow><math:annotation math:encoding="StarMath 5.0">widevec {O_3 G}=x_G widevec x_3=295 widevec x_3</math:annotation></math:semantics></math:math>