<?xml version="1.0" encoding="UTF-8"?>
<!DOCTYPE math:math PUBLIC "-//OpenOffice.org//DTD Modified W3C MathML 1.01//EN" "math.dtd"><math:math xmlns:math="http://www.w3.org/1998/Math/MathML"><math:semantics><math:mrow><math:mrow><math:msub><math:mi>D</math:mi><math:mi math:fontstyle="italic">M2</math:mi></math:msub><math:mo math:stretchy="false">=</math:mo><math:mn>42 </math:mn></math:mrow><math:mi math:fontstyle="italic">mm</math:mi></math:mrow><math:annotation math:encoding="StarMath 5.0">D_M2 = 42 mm</math:annotation></math:semantics></math:math>