<?xml version="1.0" encoding="UTF-8"?>
<office:document-content xmlns:office="urn:oasis:names:tc:opendocument:xmlns:office:1.0" xmlns:style="urn:oasis:names:tc:opendocument:xmlns:style:1.0" xmlns:text="urn:oasis:names:tc:opendocument:xmlns:text:1.0" xmlns:table="urn:oasis:names:tc:opendocument:xmlns:table:1.0" xmlns:draw="urn:oasis:names:tc:opendocument:xmlns:drawing:1.0" xmlns:fo="urn:oasis:names:tc:opendocument:xmlns:xsl-fo-compatible:1.0" xmlns:xlink="http://www.w3.org/1999/xlink" xmlns:dc="http://purl.org/dc/elements/1.1/" xmlns:meta="urn:oasis:names:tc:opendocument:xmlns:meta:1.0" xmlns:number="urn:oasis:names:tc:opendocument:xmlns:datastyle:1.0" xmlns:svg="urn:oasis:names:tc:opendocument:xmlns:svg-compatible:1.0" xmlns:chart="urn:oasis:names:tc:opendocument:xmlns:chart:1.0" xmlns:dr3d="urn:oasis:names:tc:opendocument:xmlns:dr3d:1.0" xmlns:math="http://www.w3.org/1998/Math/MathML" xmlns:form="urn:oasis:names:tc:opendocument:xmlns:form:1.0" xmlns:script="urn:oasis:names:tc:opendocument:xmlns:script:1.0" xmlns:ooo="http://openoffice.org/2004/office" xmlns:ooow="http://openoffice.org/2004/writer" xmlns:oooc="http://openoffice.org/2004/calc" xmlns:dom="http://www.w3.org/2001/xml-events" xmlns:xforms="http://www.w3.org/2002/xforms" xmlns:xsd="http://www.w3.org/2001/XMLSchema" xmlns:xsi="http://www.w3.org/2001/XMLSchema-instance" office:version="1.0"><office:scripts/><office:font-face-decls><style:font-face style:name="Andale Sans UI" svg:font-family="&apos;Andale Sans UI&apos;" style:font-pitch="variable"/><style:font-face style:name="Tahoma" svg:font-family="Tahoma" style:font-pitch="variable"/><style:font-face style:name="Albany" svg:font-family="Albany" style:font-family-generic="swiss" style:font-pitch="variable"/></office:font-face-decls><office:automatic-styles><style:style style:name="co1" style:family="table-column"><style:table-column-properties fo:break-before="auto" style:column-width="1.492cm"/></style:style><style:style style:name="co2" style:family="table-column"><style:table-column-properties fo:break-before="auto" style:column-width="2.267cm"/></style:style><style:style style:name="ro1" style:family="table-row"><style:table-row-properties style:row-height="0.453cm" fo:break-before="auto" style:use-optimal-row-height="true"/></style:style><style:style style:name="ta1" style:family="table" style:master-page-name="Default"><style:table-properties table:display="true" style:writing-mode="lr-tb"/></style:style><style:style style:name="ce1" style:family="table-cell" style:parent-style-name="Default"><style:table-cell-properties style:text-align-source="fix" style:repeat-content="false"/><style:paragraph-properties fo:text-align="center" fo:margin-left="0cm"/></style:style></office:automatic-styles><office:body><office:spreadsheet><table:table table:name="Feuille2" table:style-name="ta1" table:print="false"><office:forms form:automatic-focus="false" form:apply-design-mode="false"/><table:table-column table:style-name="co1" table:default-cell-style-name="ce1"/><table:table-column table:style-name="co2" table:number-columns-repeated="3" table:default-cell-style-name="ce1"/><table:table-row table:style-name="ro1" table:number-rows-repeated="3"><table:table-cell table:style-name="Default" table:number-columns-repeated="4"/></table:table-row><table:table-row table:style-name="ro1"><table:table-cell office:value-type="string"><text:p>Angle °</text:p></table:table-cell><table:table-cell office:value-type="string"><text:p>Tangente</text:p></table:table-cell><table:table-cell office:value-type="string"><text:p>Angle °</text:p></table:table-cell><table:table-cell office:value-type="string"><text:p>Tangente</text:p></table:table-cell></table:table-row><table:table-row table:style-name="ro1"><table:table-cell office:value-type="float" office:value="0"><text:p>0</text:p></table:table-cell><table:table-cell table:formula="oooc:=TAN([.A5]*PI()/180)" office:value-type="float" office:value="0"><text:p>0</text:p></table:table-cell><table:table-cell table:formula="oooc:=[.A49]+1" office:value-type="float" office:value="45"><text:p>45</text:p></table:table-cell><table:table-cell table:formula="oooc:=TAN([.C5]*PI()/180)" office:value-type="float" office:value="1"><text:p>1</text:p></table:table-cell></table:table-row><table:table-row table:style-name="ro1"><table:table-cell table:formula="oooc:=[.A5]+1" office:value-type="float" office:value="1"><text:p>1</text:p></table:table-cell><table:table-cell table:formula="oooc:=TAN([.A6]*PI()/180)" office:value-type="float" office:value="0.0174550649282176"><text:p>0,02</text:p></table:table-cell><table:table-cell table:formula="oooc:=[.C5]+1" office:value-type="float" office:value="46"><text:p>46</text:p></table:table-cell><table:table-cell table:formula="oooc:=TAN([.C6]*PI()/180)" office:value-type="float" office:value="1.03553031379057"><text:p>1,04</text:p></table:table-cell></table:table-row><table:table-row table:style-name="ro1"><table:table-cell table:formula="oooc:=[.A6]+1" office:value-type="float" office:value="2"><text:p>2</text:p></table:table-cell><table:table-cell table:formula="oooc:=TAN([.A7]*PI()/180)" office:value-type="float" office:value="0.0349207694917477"><text:p>0,03</text:p></table:table-cell><table:table-cell table:formula="oooc:=[.C6]+1" office:value-type="float" office:value="47"><text:p>47</text:p></table:table-cell><table:table-cell table:formula="oooc:=TAN([.C7]*PI()/180)" office:value-type="float" office:value="1.07236871002468"><text:p>1,07</text:p></table:table-cell></table:table-row><table:table-row table:style-name="ro1"><table:table-cell table:formula="oooc:=[.A7]+1" office:value-type="float" office:value="3"><text:p>3</text:p></table:table-cell><table:table-cell table:formula="oooc:=TAN([.A8]*PI()/180)" office:value-type="float" office:value="0.0524077792830412"><text:p>0,05</text:p></table:table-cell><table:table-cell table:formula="oooc:=[.C7]+1" office:value-type="float" office:value="48"><text:p>48</text:p></table:table-cell><table:table-cell table:formula="oooc:=TAN([.C8]*PI()/180)" office:value-type="float" office:value="1.11061251482919"><text:p>1,11</text:p></table:table-cell></table:table-row><table:table-row table:style-name="ro1"><table:table-cell table:formula="oooc:=[.A8]+1" office:value-type="float" office:value="4"><text:p>4</text:p></table:table-cell><table:table-cell table:formula="oooc:=TAN([.A9]*PI()/180)" office:value-type="float" office:value="0.0699268119435104"><text:p>0,07</text:p></table:table-cell><table:table-cell table:formula="oooc:=[.C8]+1" office:value-type="float" office:value="49"><text:p>49</text:p></table:table-cell><table:table-cell table:formula="oooc:=TAN([.C9]*PI()/180)" office:value-type="float" office:value="1.15036840722101"><text:p>1,15</text:p></table:table-cell></table:table-row><table:table-row table:style-name="ro1"><table:table-cell table:formula="oooc:=[.A9]+1" office:value-type="float" office:value="5"><text:p>5</text:p></table:table-cell><table:table-cell table:formula="oooc:=TAN([.A10]*PI()/180)" office:value-type="float" office:value="0.087488663525924"><text:p>0,09</text:p></table:table-cell><table:table-cell table:formula="oooc:=[.C9]+1" office:value-type="float" office:value="50"><text:p>50</text:p></table:table-cell><table:table-cell table:formula="oooc:=TAN([.C10]*PI()/180)" office:value-type="float" office:value="1.19175359259421"><text:p>1,19</text:p></table:table-cell></table:table-row><table:table-row table:style-name="ro1"><table:table-cell table:formula="oooc:=[.A10]+1" office:value-type="float" office:value="6"><text:p>6</text:p></table:table-cell><table:table-cell table:formula="oooc:=TAN([.A11]*PI()/180)" office:value-type="float" office:value="0.105104235265676"><text:p>0,11</text:p></table:table-cell><table:table-cell table:formula="oooc:=[.C10]+1" office:value-type="float" office:value="51"><text:p>51</text:p></table:table-cell><table:table-cell table:formula="oooc:=TAN([.C11]*PI()/180)" office:value-type="float" office:value="1.23489715653505"><text:p>1,23</text:p></table:table-cell></table:table-row><table:table-row table:style-name="ro1"><table:table-cell table:formula="oooc:=[.A11]+1" office:value-type="float" office:value="7"><text:p>7</text:p></table:table-cell><table:table-cell table:formula="oooc:=TAN([.A12]*PI()/180)" office:value-type="float" office:value="0.122784560902905"><text:p>0,12</text:p></table:table-cell><table:table-cell table:formula="oooc:=[.C11]+1" office:value-type="float" office:value="52"><text:p>52</text:p></table:table-cell><table:table-cell table:formula="oooc:=TAN([.C12]*PI()/180)" office:value-type="float" office:value="1.27994163219308"><text:p>1,28</text:p></table:table-cell></table:table-row><table:table-row table:style-name="ro1"><table:table-cell table:formula="oooc:=[.A12]+1" office:value-type="float" office:value="8"><text:p>8</text:p></table:table-cell><table:table-cell table:formula="oooc:=TAN([.A13]*PI()/180)" office:value-type="float" office:value="0.140540834702391"><text:p>0,14</text:p></table:table-cell><table:table-cell table:formula="oooc:=[.C12]+1" office:value-type="float" office:value="53"><text:p>53</text:p></table:table-cell><table:table-cell table:formula="oooc:=TAN([.C13]*PI()/180)" office:value-type="float" office:value="1.32704482162041"><text:p>1,33</text:p></table:table-cell></table:table-row><table:table-row table:style-name="ro1"><table:table-cell table:formula="oooc:=[.A13]+1" office:value-type="float" office:value="9"><text:p>9</text:p></table:table-cell><table:table-cell table:formula="oooc:=TAN([.A14]*PI()/180)" office:value-type="float" office:value="0.158384440324536"><text:p>0,16</text:p></table:table-cell><table:table-cell table:formula="oooc:=[.C13]+1" office:value-type="float" office:value="54"><text:p>54</text:p></table:table-cell><table:table-cell table:formula="oooc:=TAN([.C14]*PI()/180)" office:value-type="float" office:value="1.37638192047117"><text:p>1,38</text:p></table:table-cell></table:table-row><table:table-row table:style-name="ro1"><table:table-cell table:formula="oooc:=[.A14]+1" office:value-type="float" office:value="10"><text:p>10</text:p></table:table-cell><table:table-cell table:formula="oooc:=TAN([.A15]*PI()/180)" office:value-type="float" office:value="0.176326980708465"><text:p>0,18</text:p></table:table-cell><table:table-cell table:formula="oooc:=[.C14]+1" office:value-type="float" office:value="55"><text:p>55</text:p></table:table-cell><table:table-cell table:formula="oooc:=TAN([.C15]*PI()/180)" office:value-type="float" office:value="1.42814800674211"><text:p>1,43</text:p></table:table-cell></table:table-row><table:table-row table:style-name="ro1"><table:table-cell table:formula="oooc:=[.A15]+1" office:value-type="float" office:value="11"><text:p>11</text:p></table:table-cell><table:table-cell table:formula="oooc:=TAN([.A16]*PI()/180)" office:value-type="float" office:value="0.194380309137718"><text:p>0,19</text:p></table:table-cell><table:table-cell table:formula="oooc:=[.C15]+1" office:value-type="float" office:value="56"><text:p>56</text:p></table:table-cell><table:table-cell table:formula="oooc:=TAN([.C16]*PI()/180)" office:value-type="float" office:value="1.48256096851274"><text:p>1,48</text:p></table:table-cell></table:table-row><table:table-row table:style-name="ro1"><table:table-cell table:formula="oooc:=[.A16]+1" office:value-type="float" office:value="12"><text:p>12</text:p></table:table-cell><table:table-cell table:formula="oooc:=TAN([.A17]*PI()/180)" office:value-type="float" office:value="0.212556561670022"><text:p>0,21</text:p></table:table-cell><table:table-cell table:formula="oooc:=[.C16]+1" office:value-type="float" office:value="57"><text:p>57</text:p></table:table-cell><table:table-cell table:formula="oooc:=TAN([.C17]*PI()/180)" office:value-type="float" office:value="1.53986496381458"><text:p>1,54</text:p></table:table-cell></table:table-row><table:table-row table:style-name="ro1"><table:table-cell table:formula="oooc:=[.A17]+1" office:value-type="float" office:value="13"><text:p>13</text:p></table:table-cell><table:table-cell table:formula="oooc:=TAN([.A18]*PI()/180)" office:value-type="float" office:value="0.230868191125563"><text:p>0,23</text:p></table:table-cell><table:table-cell table:formula="oooc:=[.C17]+1" office:value-type="float" office:value="58"><text:p>58</text:p></table:table-cell><table:table-cell table:formula="oooc:=TAN([.C18]*PI()/180)" office:value-type="float" office:value="1.60033452904105"><text:p>1,6</text:p></table:table-cell></table:table-row><table:table-row table:style-name="ro1"><table:table-cell table:formula="oooc:=[.A18]+1" office:value-type="float" office:value="14"><text:p>14</text:p></table:table-cell><table:table-cell table:formula="oooc:=TAN([.A19]*PI()/180)" office:value-type="float" office:value="0.249328002843181"><text:p>0,25</text:p></table:table-cell><table:table-cell table:formula="oooc:=[.C18]+1" office:value-type="float" office:value="59"><text:p>59</text:p></table:table-cell><table:table-cell table:formula="oooc:=TAN([.C19]*PI()/180)" office:value-type="float" office:value="1.66427948235052"><text:p>1,66</text:p></table:table-cell></table:table-row><table:table-row table:style-name="ro1"><table:table-cell table:formula="oooc:=[.A19]+1" office:value-type="float" office:value="15"><text:p>15</text:p></table:table-cell><table:table-cell table:formula="oooc:=TAN([.A20]*PI()/180)" office:value-type="float" office:value="0.267949192431123"><text:p>0,27</text:p></table:table-cell><table:table-cell table:formula="oooc:=[.C19]+1" office:value-type="float" office:value="60"><text:p>60</text:p></table:table-cell><table:table-cell table:formula="oooc:=TAN([.C20]*PI()/180)" office:value-type="float" office:value="1.73205080756888"><text:p>1,73</text:p></table:table-cell></table:table-row><table:table-row table:style-name="ro1"><table:table-cell table:formula="oooc:=[.A20]+1" office:value-type="float" office:value="16"><text:p>16</text:p></table:table-cell><table:table-cell table:formula="oooc:=TAN([.A21]*PI()/180)" office:value-type="float" office:value="0.286745385758808"><text:p>0,29</text:p></table:table-cell><table:table-cell table:formula="oooc:=[.C20]+1" office:value-type="float" office:value="61"><text:p>61</text:p></table:table-cell><table:table-cell table:formula="oooc:=TAN([.C21]*PI()/180)" office:value-type="float" office:value="1.80404775527142"><text:p>1,8</text:p></table:table-cell></table:table-row><table:table-row table:style-name="ro1"><table:table-cell table:formula="oooc:=[.A21]+1" office:value-type="float" office:value="17"><text:p>17</text:p></table:table-cell><table:table-cell table:formula="oooc:=TAN([.A22]*PI()/180)" office:value-type="float" office:value="0.30573068145866"><text:p>0,31</text:p></table:table-cell><table:table-cell table:formula="oooc:=[.C21]+1" office:value-type="float" office:value="62"><text:p>62</text:p></table:table-cell><table:table-cell table:formula="oooc:=TAN([.C22]*PI()/180)" office:value-type="float" office:value="1.88072646534633"><text:p>1,88</text:p></table:table-cell></table:table-row><table:table-row table:style-name="ro1"><table:table-cell table:formula="oooc:=[.A22]+1" office:value-type="float" office:value="18"><text:p>18</text:p></table:table-cell><table:table-cell table:formula="oooc:=TAN([.A23]*PI()/180)" office:value-type="float" office:value="0.324919696232906"><text:p>0,32</text:p></table:table-cell><table:table-cell table:formula="oooc:=[.C22]+1" office:value-type="float" office:value="63"><text:p>63</text:p></table:table-cell><table:table-cell table:formula="oooc:=TAN([.C23]*PI()/180)" office:value-type="float" office:value="1.96261050550515"><text:p>1,96</text:p></table:table-cell></table:table-row><table:table-row table:style-name="ro1"><table:table-cell table:formula="oooc:=[.A23]+1" office:value-type="float" office:value="19"><text:p>19</text:p></table:table-cell><table:table-cell table:formula="oooc:=TAN([.A24]*PI()/180)" office:value-type="float" office:value="0.344327613289665"><text:p>0,34</text:p></table:table-cell><table:table-cell table:formula="oooc:=[.C23]+1" office:value-type="float" office:value="64"><text:p>64</text:p></table:table-cell><table:table-cell table:formula="oooc:=TAN([.C24]*PI()/180)" office:value-type="float" office:value="2.0503038415793"><text:p>2,05</text:p></table:table-cell></table:table-row><table:table-row table:style-name="ro1"><table:table-cell table:formula="oooc:=[.A24]+1" office:value-type="float" office:value="20"><text:p>20</text:p></table:table-cell><table:table-cell table:formula="oooc:=TAN([.A25]*PI()/180)" office:value-type="float" office:value="0.363970234266202"><text:p>0,36</text:p></table:table-cell><table:table-cell table:formula="oooc:=[.C24]+1" office:value-type="float" office:value="65"><text:p>65</text:p></table:table-cell><table:table-cell table:formula="oooc:=TAN([.C25]*PI()/180)" office:value-type="float" office:value="2.14450692050956"><text:p>2,14</text:p></table:table-cell></table:table-row><table:table-row table:style-name="ro1"><table:table-cell table:formula="oooc:=[.A25]+1" office:value-type="float" office:value="21"><text:p>21</text:p></table:table-cell><table:table-cell table:formula="oooc:=TAN([.A26]*PI()/180)" office:value-type="float" office:value="0.383864035035416"><text:p>0,38</text:p></table:table-cell><table:table-cell table:formula="oooc:=[.C25]+1" office:value-type="float" office:value="66"><text:p>66</text:p></table:table-cell><table:table-cell table:formula="oooc:=TAN([.C26]*PI()/180)" office:value-type="float" office:value="2.24603677390422"><text:p>2,25</text:p></table:table-cell></table:table-row><table:table-row table:style-name="ro1"><table:table-cell table:formula="oooc:=[.A26]+1" office:value-type="float" office:value="22"><text:p>22</text:p></table:table-cell><table:table-cell table:formula="oooc:=TAN([.A27]*PI()/180)" office:value-type="float" office:value="0.404026225835157"><text:p>0,4</text:p></table:table-cell><table:table-cell table:formula="oooc:=[.C26]+1" office:value-type="float" office:value="67"><text:p>67</text:p></table:table-cell><table:table-cell table:formula="oooc:=TAN([.C27]*PI()/180)" office:value-type="float" office:value="2.35585236582375"><text:p>2,36</text:p></table:table-cell></table:table-row><table:table-row table:style-name="ro1"><table:table-cell table:formula="oooc:=[.A27]+1" office:value-type="float" office:value="23"><text:p>23</text:p></table:table-cell><table:table-cell table:formula="oooc:=TAN([.A28]*PI()/180)" office:value-type="float" office:value="0.424474816209605"><text:p>0,42</text:p></table:table-cell><table:table-cell table:formula="oooc:=[.C27]+1" office:value-type="float" office:value="68"><text:p>68</text:p></table:table-cell><table:table-cell table:formula="oooc:=TAN([.C28]*PI()/180)" office:value-type="float" office:value="2.4750868534163"><text:p>2,48</text:p></table:table-cell></table:table-row><table:table-row table:style-name="ro1"><table:table-cell table:formula="oooc:=[.A28]+1" office:value-type="float" office:value="24"><text:p>24</text:p></table:table-cell><table:table-cell table:formula="oooc:=TAN([.A29]*PI()/180)" office:value-type="float" office:value="0.445228685308536"><text:p>0,45</text:p></table:table-cell><table:table-cell table:formula="oooc:=[.C28]+1" office:value-type="float" office:value="69"><text:p>69</text:p></table:table-cell><table:table-cell table:formula="oooc:=TAN([.C29]*PI()/180)" office:value-type="float" office:value="2.6050890646938"><text:p>2,61</text:p></table:table-cell></table:table-row><table:table-row table:style-name="ro1"><table:table-cell table:formula="oooc:=[.A29]+1" office:value-type="float" office:value="25"><text:p>25</text:p></table:table-cell><table:table-cell table:formula="oooc:=TAN([.A30]*PI()/180)" office:value-type="float" office:value="0.466307658154999"><text:p>0,47</text:p></table:table-cell><table:table-cell table:formula="oooc:=[.C29]+1" office:value-type="float" office:value="70"><text:p>70</text:p></table:table-cell><table:table-cell table:formula="oooc:=TAN([.C30]*PI()/180)" office:value-type="float" office:value="2.74747741945462"><text:p>2,75</text:p></table:table-cell></table:table-row><table:table-row table:style-name="ro1"><table:table-cell table:formula="oooc:=[.A30]+1" office:value-type="float" office:value="26"><text:p>26</text:p></table:table-cell><table:table-cell table:formula="oooc:=TAN([.A31]*PI()/180)" office:value-type="float" office:value="0.487732588565861"><text:p>0,49</text:p></table:table-cell><table:table-cell table:formula="oooc:=[.C30]+1" office:value-type="float" office:value="71"><text:p>71</text:p></table:table-cell><table:table-cell table:formula="oooc:=TAN([.C31]*PI()/180)" office:value-type="float" office:value="2.90421087767582"><text:p>2,9</text:p></table:table-cell></table:table-row><table:table-row table:style-name="ro1"><table:table-cell table:formula="oooc:=[.A31]+1" office:value-type="float" office:value="27"><text:p>27</text:p></table:table-cell><table:table-cell table:formula="oooc:=TAN([.A32]*PI()/180)" office:value-type="float" office:value="0.509525449494429"><text:p>0,51</text:p></table:table-cell><table:table-cell table:formula="oooc:=[.C31]+1" office:value-type="float" office:value="72"><text:p>72</text:p></table:table-cell><table:table-cell table:formula="oooc:=TAN([.C32]*PI()/180)" office:value-type="float" office:value="3.07768353717525"><text:p>3,08</text:p></table:table-cell></table:table-row><table:table-row table:style-name="ro1"><table:table-cell table:formula="oooc:=[.A32]+1" office:value-type="float" office:value="28"><text:p>28</text:p></table:table-cell><table:table-cell table:formula="oooc:=TAN([.A33]*PI()/180)" office:value-type="float" office:value="0.531709431661479"><text:p>0,53</text:p></table:table-cell><table:table-cell table:formula="oooc:=[.C32]+1" office:value-type="float" office:value="73"><text:p>73</text:p></table:table-cell><table:table-cell table:formula="oooc:=TAN([.C33]*PI()/180)" office:value-type="float" office:value="3.27085261848414"><text:p>3,27</text:p></table:table-cell></table:table-row><table:table-row table:style-name="ro1"><table:table-cell table:formula="oooc:=[.A33]+1" office:value-type="float" office:value="29"><text:p>29</text:p></table:table-cell><table:table-cell table:formula="oooc:=TAN([.A34]*PI()/180)" office:value-type="float" office:value="0.554309051452769"><text:p>0,55</text:p></table:table-cell><table:table-cell table:formula="oooc:=[.C33]+1" office:value-type="float" office:value="74"><text:p>74</text:p></table:table-cell><table:table-cell table:formula="oooc:=TAN([.C34]*PI()/180)" office:value-type="float" office:value="3.48741444384091"><text:p>3,49</text:p></table:table-cell></table:table-row><table:table-row table:style-name="ro1"><table:table-cell table:formula="oooc:=[.A34]+1" office:value-type="float" office:value="30"><text:p>30</text:p></table:table-cell><table:table-cell table:formula="oooc:=TAN([.A35]*PI()/180)" office:value-type="float" office:value="0.577350269189626"><text:p>0,58</text:p></table:table-cell><table:table-cell table:formula="oooc:=[.C34]+1" office:value-type="float" office:value="75"><text:p>75</text:p></table:table-cell><table:table-cell table:formula="oooc:=TAN([.C35]*PI()/180)" office:value-type="float" office:value="3.73205080756888"><text:p>3,73</text:p></table:table-cell></table:table-row><table:table-row table:style-name="ro1"><table:table-cell table:formula="oooc:=[.A35]+1" office:value-type="float" office:value="31"><text:p>31</text:p></table:table-cell><table:table-cell table:formula="oooc:=TAN([.A36]*PI()/180)" office:value-type="float" office:value="0.60086061902756"><text:p>0,6</text:p></table:table-cell><table:table-cell table:formula="oooc:=[.C35]+1" office:value-type="float" office:value="76"><text:p>76</text:p></table:table-cell><table:table-cell table:formula="oooc:=TAN([.C36]*PI()/180)" office:value-type="float" office:value="4.01078093353584"><text:p>4,01</text:p></table:table-cell></table:table-row><table:table-row table:style-name="ro1"><table:table-cell table:formula="oooc:=[.A36]+1" office:value-type="float" office:value="32"><text:p>32</text:p></table:table-cell><table:table-cell table:formula="oooc:=TAN([.A37]*PI()/180)" office:value-type="float" office:value="0.624869351909327"><text:p>0,62</text:p></table:table-cell><table:table-cell table:formula="oooc:=[.C36]+1" office:value-type="float" office:value="77"><text:p>77</text:p></table:table-cell><table:table-cell table:formula="oooc:=TAN([.C37]*PI()/180)" office:value-type="float" office:value="4.33147587428416"><text:p>4,33</text:p></table:table-cell></table:table-row><table:table-row table:style-name="ro1"><table:table-cell table:formula="oooc:=[.A37]+1" office:value-type="float" office:value="33"><text:p>33</text:p></table:table-cell><table:table-cell table:formula="oooc:=TAN([.A38]*PI()/180)" office:value-type="float" office:value="0.649407593197511"><text:p>0,65</text:p></table:table-cell><table:table-cell table:formula="oooc:=[.C37]+1" office:value-type="float" office:value="78"><text:p>78</text:p></table:table-cell><table:table-cell table:formula="oooc:=TAN([.C38]*PI()/180)" office:value-type="float" office:value="4.70463010947845"><text:p>4,7</text:p></table:table-cell></table:table-row><table:table-row table:style-name="ro1"><table:table-cell table:formula="oooc:=[.A38]+1" office:value-type="float" office:value="34"><text:p>34</text:p></table:table-cell><table:table-cell table:formula="oooc:=TAN([.A39]*PI()/180)" office:value-type="float" office:value="0.674508516842427"><text:p>0,67</text:p></table:table-cell><table:table-cell table:formula="oooc:=[.C38]+1" office:value-type="float" office:value="79"><text:p>79</text:p></table:table-cell><table:table-cell table:formula="oooc:=TAN([.C39]*PI()/180)" office:value-type="float" office:value="5.14455401597031"><text:p>5,14</text:p></table:table-cell></table:table-row><table:table-row table:style-name="ro1"><table:table-cell table:formula="oooc:=[.A39]+1" office:value-type="float" office:value="35"><text:p>35</text:p></table:table-cell><table:table-cell table:formula="oooc:=TAN([.A40]*PI()/180)" office:value-type="float" office:value="0.70020753820971"><text:p>0,7</text:p></table:table-cell><table:table-cell table:formula="oooc:=[.C39]+1" office:value-type="float" office:value="80"><text:p>80</text:p></table:table-cell><table:table-cell table:formula="oooc:=TAN([.C40]*PI()/180)" office:value-type="float" office:value="5.67128181961771"><text:p>5,67</text:p></table:table-cell></table:table-row><table:table-row table:style-name="ro1"><table:table-cell table:formula="oooc:=[.A40]+1" office:value-type="float" office:value="36"><text:p>36</text:p></table:table-cell><table:table-cell table:formula="oooc:=TAN([.A41]*PI()/180)" office:value-type="float" office:value="0.726542528005361"><text:p>0,73</text:p></table:table-cell><table:table-cell table:formula="oooc:=[.C40]+1" office:value-type="float" office:value="81"><text:p>81</text:p></table:table-cell><table:table-cell table:formula="oooc:=TAN([.C41]*PI()/180)" office:value-type="float" office:value="6.31375151467504"><text:p>6,31</text:p></table:table-cell></table:table-row><table:table-row table:style-name="ro1"><table:table-cell table:formula="oooc:=[.A41]+1" office:value-type="float" office:value="37"><text:p>37</text:p></table:table-cell><table:table-cell table:formula="oooc:=TAN([.A42]*PI()/180)" office:value-type="float" office:value="0.753554050102794"><text:p>0,75</text:p></table:table-cell><table:table-cell table:formula="oooc:=[.C41]+1" office:value-type="float" office:value="82"><text:p>82</text:p></table:table-cell><table:table-cell table:formula="oooc:=TAN([.C42]*PI()/180)" office:value-type="float" office:value="7.1153697223842"><text:p>7,12</text:p></table:table-cell></table:table-row><table:table-row table:style-name="ro1"><table:table-cell table:formula="oooc:=[.A42]+1" office:value-type="float" office:value="38"><text:p>38</text:p></table:table-cell><table:table-cell table:formula="oooc:=TAN([.A43]*PI()/180)" office:value-type="float" office:value="0.781285626506717"><text:p>0,78</text:p></table:table-cell><table:table-cell table:formula="oooc:=[.C42]+1" office:value-type="float" office:value="83"><text:p>83</text:p></table:table-cell><table:table-cell table:formula="oooc:=TAN([.C43]*PI()/180)" office:value-type="float" office:value="8.14434642797459"><text:p>8,14</text:p></table:table-cell></table:table-row><table:table-row table:style-name="ro1"><table:table-cell table:formula="oooc:=[.A43]+1" office:value-type="float" office:value="39"><text:p>39</text:p></table:table-cell><table:table-cell table:formula="oooc:=TAN([.A44]*PI()/180)" office:value-type="float" office:value="0.809784033195007"><text:p>0,81</text:p></table:table-cell><table:table-cell table:formula="oooc:=[.C43]+1" office:value-type="float" office:value="84"><text:p>84</text:p></table:table-cell><table:table-cell table:formula="oooc:=TAN([.C44]*PI()/180)" office:value-type="float" office:value="9.51436445422259"><text:p>9,51</text:p></table:table-cell></table:table-row><table:table-row table:style-name="ro1"><table:table-cell table:formula="oooc:=[.A44]+1" office:value-type="float" office:value="40"><text:p>40</text:p></table:table-cell><table:table-cell table:formula="oooc:=TAN([.A45]*PI()/180)" office:value-type="float" office:value="0.83909963117728"><text:p>0,84</text:p></table:table-cell><table:table-cell table:formula="oooc:=[.C44]+1" office:value-type="float" office:value="85"><text:p>85</text:p></table:table-cell><table:table-cell table:formula="oooc:=TAN([.C45]*PI()/180)" office:value-type="float" office:value="11.4300523027613"><text:p>11,43</text:p></table:table-cell></table:table-row><table:table-row table:style-name="ro1"><table:table-cell table:formula="oooc:=[.A45]+1" office:value-type="float" office:value="41"><text:p>41</text:p></table:table-cell><table:table-cell table:formula="oooc:=TAN([.A46]*PI()/180)" office:value-type="float" office:value="0.869286737816226"><text:p>0,87</text:p></table:table-cell><table:table-cell table:formula="oooc:=[.C45]+1" office:value-type="float" office:value="86"><text:p>86</text:p></table:table-cell><table:table-cell table:formula="oooc:=TAN([.C46]*PI()/180)" office:value-type="float" office:value="14.3006662567119"><text:p>14,3</text:p></table:table-cell></table:table-row><table:table-row table:style-name="ro1"><table:table-cell table:formula="oooc:=[.A46]+1" office:value-type="float" office:value="42"><text:p>42</text:p></table:table-cell><table:table-cell table:formula="oooc:=TAN([.A47]*PI()/180)" office:value-type="float" office:value="0.90040404429784"><text:p>0,9</text:p></table:table-cell><table:table-cell table:formula="oooc:=[.C46]+1" office:value-type="float" office:value="87"><text:p>87</text:p></table:table-cell><table:table-cell table:formula="oooc:=TAN([.C47]*PI()/180)" office:value-type="float" office:value="19.0811366877282"><text:p>19,08</text:p></table:table-cell></table:table-row><table:table-row table:style-name="ro1"><table:table-cell table:formula="oooc:=[.A47]+1" office:value-type="float" office:value="43"><text:p>43</text:p></table:table-cell><table:table-cell table:formula="oooc:=TAN([.A48]*PI()/180)" office:value-type="float" office:value="0.932515086137662"><text:p>0,93</text:p></table:table-cell><table:table-cell table:formula="oooc:=[.C47]+1" office:value-type="float" office:value="88"><text:p>88</text:p></table:table-cell><table:table-cell table:formula="oooc:=TAN([.C48]*PI()/180)" office:value-type="float" office:value="28.6362532829155"><text:p>28,64</text:p></table:table-cell></table:table-row><table:table-row table:style-name="ro1"><table:table-cell table:formula="oooc:=[.A48]+1" office:value-type="float" office:value="44"><text:p>44</text:p></table:table-cell><table:table-cell table:formula="oooc:=TAN([.A49]*PI()/180)" office:value-type="float" office:value="0.965688774807074"><text:p>0,97</text:p></table:table-cell><table:table-cell table:formula="oooc:=[.C48]+1" office:value-type="float" office:value="89"><text:p>89</text:p></table:table-cell><table:table-cell table:formula="oooc:=TAN([.C49]*PI()/180)" office:value-type="float" office:value="57.2899616307599"><text:p>57,29</text:p></table:table-cell></table:table-row><table:table-row table:style-name="ro1"><table:table-cell table:formula="oooc:=[.A49]+1" office:value-type="float" office:value="45"><text:p>45</text:p></table:table-cell><table:table-cell table:formula="oooc:=TAN([.A50]*PI()/180)" office:value-type="float" office:value="1"><text:p>1</text:p></table:table-cell><table:table-cell office:value-type="float" office:value="89.43"><text:p>89,43</text:p></table:table-cell><table:table-cell table:formula="oooc:=TAN([.C50]*PI()/180)" office:value-type="float" office:value="100.515595279003"><text:p>100,52</text:p></table:table-cell></table:table-row></table:table></office:spreadsheet></office:body></office:document-content>