<?xml version="1.0" encoding="UTF-8"?>
<!DOCTYPE math:math PUBLIC "-//OpenOffice.org//DTD Modified W3C MathML 1.01//EN" "math.dtd"><math:math xmlns:math="http://www.w3.org/1998/Math/MathML"><math:semantics><math:mrow><math:mover math:accent="true"><math:mover math:accent="true"><math:msub><math:mi>I</math:mi><math:mi>G</math:mi></math:msub><math:mo>¯</math:mo></math:mover><math:mo>¯</math:mo></math:mover><math:mo math:stretchy="false">=</math:mo><math:msub><math:mfenced math:open="[" math:close="]"><math:mtable><math:mtr><math:mtd><math:mrow><math:mfrac><math:mi>m</math:mi><math:mn>12 </math:mn></math:mfrac><math:mrow><math:mo math:stretchy="false"></math:mo><math:mrow><math:msup><math:mi>b</math:mi><math:mn>2</math:mn></math:msup><math:mo math:stretchy="false"></math:mo><math:msup><math:mi>c</math:mi><math:mn>2</math:mn></math:msup></math:mrow><math:mo math:stretchy="false"></math:mo></math:mrow></math:mrow></math:mtd><math:mtd><math:mn>0 </math:mn></math:mtd><math:mtd><math:mn>0  </math:mn></math:mtd></math:mtr><math:mtr><math:mtd><math:mn>0 </math:mn></math:mtd><math:mtd><math:mrow><math:mfrac><math:mi>m</math:mi><math:mn>12 </math:mn></math:mfrac><math:mrow><math:mo math:stretchy="false"></math:mo><math:mrow><math:msup><math:mi>a</math:mi><math:mn>2</math:mn></math:msup><math:mo math:stretchy="false"></math:mo><math:msup><math:mi>c</math:mi><math:mn>2</math:mn></math:msup></math:mrow><math:mo math:stretchy="false"></math:mo></math:mrow></math:mrow></math:mtd><math:mtd><math:mn>0 </math:mn></math:mtd></math:mtr><math:mtr><math:mtd><math:mn>0 </math:mn></math:mtd><math:mtd><math:mn>0 </math:mn></math:mtd><math:mtd><math:mrow><math:mfrac><math:mi>m</math:mi><math:mn>12 </math:mn></math:mfrac><math:mrow><math:mo math:stretchy="false"></math:mo><math:mrow><math:msup><math:mi>a</math:mi><math:mn>2</math:mn></math:msup><math:mo math:stretchy="false"></math:mo><math:msup><math:mi>b</math:mi><math:mn>2</math:mn></math:msup></math:mrow><math:mo math:stretchy="false"></math:mo></math:mrow></math:mrow></math:mtd></math:mtr></math:mtable></math:mfenced><math:mrow><math:mo math:stretchy="false"></math:mo><math:mrow><math:mover math:accent="true"><math:mi>x</math:mi><math:mo math:stretchy="false"></math:mo></math:mover><math:mi>,</math:mi><math:mover math:accent="true"><math:mi>y</math:mi><math:mo math:stretchy="false"></math:mo></math:mover><math:mi>,</math:mi><math:mover math:accent="true"><math:mi>z</math:mi><math:mo math:stretchy="false"></math:mo></math:mover></math:mrow><math:mo math:stretchy="false"></math:mo></math:mrow></math:msub></math:mrow><math:annotation math:encoding="StarMath 5.0">overline overline I_G=  left [ matrix{m over 12 (b^2+c^2)  # 0 # 0  ## 0 # m over 12 (a^2+c^2) # 0 ## 0 # 0 # m over 12 (a^2+b^2)} right] _ (vec x, vec y, vec z)</math:annotation></math:semantics></math:math>