<?xml version="1.0" encoding="UTF-8"?>
<!DOCTYPE math:math PUBLIC "-//OpenOffice.org//DTD Modified W3C MathML 1.01//EN" "math.dtd"><math:math xmlns:math="http://www.w3.org/1998/Math/MathML"><math:semantics><math:mfenced math:open="" math:close=""><math:mrow><math:mover math:accent="true"><math:msub><math:mi>x</math:mi><math:mn>3, </math:mn></math:msub><math:mo math:stretchy="false"></math:mo></math:mover><math:mover math:accent="true"><math:msub><math:mi>y</math:mi><math:mn>3, </math:mn></math:msub><math:mo math:stretchy="false"></math:mo></math:mover><math:mover math:accent="true"><math:mi>z</math:mi><math:mo math:stretchy="false"></math:mo></math:mover></math:mrow></math:mfenced><math:annotation math:encoding="StarMath 5.0">left(vec x_3, vec y_3, vec z right)</math:annotation></math:semantics></math:math>