<?xml version="1.0" encoding="UTF-8"?>
<!DOCTYPE math:math PUBLIC "-//OpenOffice.org//DTD Modified W3C MathML 1.01//EN" "math.dtd"><math:math xmlns:math="http://www.w3.org/1998/Math/MathML"><math:semantics><math:mrow><math:mfrac><math:msub><math:mi>U</math:mi><math:mi>t</math:mi></math:msub><math:msub><math:mi>U</math:mi><math:mi>c</math:mi></math:msub></math:mfrac><math:mo math:stretchy="false">=</math:mo><math:mfrac><math:mn>0,5 </math:mn><math:mrow><math:mrow><math:mo math:stretchy="false"></math:mo><math:mrow><math:mn>1</math:mn><math:mo math:stretchy="false"></math:mo><math:mn>5p</math:mn></math:mrow><math:mo math:stretchy="false"></math:mo></math:mrow><math:mn>.</math:mn><math:mrow><math:mo math:stretchy="false"></math:mo><math:mrow><math:mn>1</math:mn><math:mo math:stretchy="false"></math:mo><math:mn>100.p</math:mn></math:mrow><math:mo math:stretchy="false"></math:mo></math:mrow></math:mrow></math:mfrac></math:mrow><math:annotation math:encoding="StarMath 5.0">U_t over U_c= {0,5 } over {(1+5p).({1+100.p}) } </math:annotation></math:semantics></math:math>