<?xml version="1.0" encoding="UTF-8"?>
<office:document-meta xmlns:office="urn:oasis:names:tc:opendocument:xmlns:office:1.0" xmlns:xlink="http://www.w3.org/1999/xlink" xmlns:dc="http://purl.org/dc/elements/1.1/" xmlns:meta="urn:oasis:names:tc:opendocument:xmlns:meta:1.0" xmlns:ooo="http://openoffice.org/2004/office" office:version="1.0"><office:meta><meta:generator>OpenOffice.org/2.0$Linux OpenOffice.org_project/680m3$Build-8968</meta:generator><meta:creation-date>2005-02-14T10:16:32</meta:creation-date><dc:creator>Pierre-Marie BOITEL</dc:creator><dc:date>2006-02-24T14:46:25</dc:date><meta:printed-by>JL PHILIPPS</meta:printed-by><meta:print-date>2006-01-31T16:44:07</meta:print-date><meta:editing-cycles>46</meta:editing-cycles><meta:editing-duration>PT5H2M58S</meta:editing-duration><meta:user-defined meta:name="Info 1"/><meta:user-defined meta:name="Info 2"/><meta:user-defined meta:name="Info 3"/><meta:user-defined meta:name="Info 4"/><meta:document-statistic meta:table-count="12" meta:image-count="12" meta:object-count="2" meta:page-count="8" meta:paragraph-count="24" meta:word-count="90" meta:character-count="684"/></office:meta></office:document-meta>