<?xml version="1.0" encoding="UTF-8"?>
<office:document-styles xmlns:office="urn:oasis:names:tc:opendocument:xmlns:office:1.0" xmlns:style="urn:oasis:names:tc:opendocument:xmlns:style:1.0" xmlns:text="urn:oasis:names:tc:opendocument:xmlns:text:1.0" xmlns:table="urn:oasis:names:tc:opendocument:xmlns:table:1.0" xmlns:draw="urn:oasis:names:tc:opendocument:xmlns:drawing:1.0" xmlns:fo="urn:oasis:names:tc:opendocument:xmlns:xsl-fo-compatible:1.0" xmlns:xlink="http://www.w3.org/1999/xlink" xmlns:dc="http://purl.org/dc/elements/1.1/" xmlns:meta="urn:oasis:names:tc:opendocument:xmlns:meta:1.0" xmlns:number="urn:oasis:names:tc:opendocument:xmlns:datastyle:1.0" xmlns:svg="urn:oasis:names:tc:opendocument:xmlns:svg-compatible:1.0" xmlns:chart="urn:oasis:names:tc:opendocument:xmlns:chart:1.0" xmlns:dr3d="urn:oasis:names:tc:opendocument:xmlns:dr3d:1.0" xmlns:math="http://www.w3.org/1998/Math/MathML" xmlns:form="urn:oasis:names:tc:opendocument:xmlns:form:1.0" xmlns:script="urn:oasis:names:tc:opendocument:xmlns:script:1.0" xmlns:ooo="http://openoffice.org/2004/office" xmlns:ooow="http://openoffice.org/2004/writer" xmlns:oooc="http://openoffice.org/2004/calc" xmlns:dom="http://www.w3.org/2001/xml-events" office:version="1.0"><office:font-face-decls><style:font-face style:name="Andale Sans UI1" svg:font-family="&apos;Andale Sans UI&apos;" style:font-pitch="variable" style:font-charset="x-symbol"/><style:font-face style:name="Symbol4" svg:font-family="Symbol" style:font-pitch="variable" style:font-charset="x-symbol"/><style:font-face style:name="Symbol5" svg:font-family="Symbol" style:font-adornments="Medium" style:font-pitch="variable" style:font-charset="x-symbol"/><style:font-face style:name="Tahoma1" svg:font-family="Tahoma" style:font-pitch="variable" style:font-charset="x-symbol"/><style:font-face style:name="Thorndale3" svg:font-family="Thorndale" style:font-pitch="variable" style:font-charset="x-symbol"/><style:font-face style:name="Symbol3" svg:font-family="Symbol" style:font-family-generic="roman" style:font-pitch="variable" style:font-charset="x-symbol"/><style:font-face style:name="Thorndale2" svg:font-family="Thorndale" style:font-family-generic="roman" style:font-pitch="variable" style:font-charset="x-symbol"/><style:font-face style:name="Symbol1" svg:font-family="Symbol"/><style:font-face style:name="Symbol2" svg:font-family="Symbol" style:font-adornments="Italique gras"/><style:font-face style:name="Andale Sans UI" svg:font-family="&apos;Andale Sans UI&apos;" style:font-pitch="variable"/><style:font-face style:name="Gothic" svg:font-family="Gothic" style:font-pitch="variable"/><style:font-face style:name="Lucidasans" svg:font-family="Lucidasans" style:font-pitch="variable"/><style:font-face style:name="StarSymbol" svg:font-family="StarSymbol" style:font-pitch="variable"/><style:font-face style:name="StarSymbol1" svg:font-family="StarSymbol" style:font-adornments="Regular" style:font-pitch="variable"/><style:font-face style:name="Symbol" svg:font-family="Symbol" style:font-pitch="variable"/><style:font-face style:name="Tahoma" svg:font-family="Tahoma" style:font-pitch="variable"/><style:font-face style:name="Thorndale1" svg:font-family="Thorndale" style:font-pitch="variable"/><style:font-face style:name="Albany1" svg:font-family="Albany" style:font-family-generic="roman" style:font-pitch="variable"/><style:font-face style:name="Thorndale" svg:font-family="Thorndale" style:font-family-generic="roman" style:font-pitch="variable"/><style:font-face style:name="Albany" svg:font-family="Albany" style:font-family-generic="swiss" style:font-pitch="variable"/></office:font-face-decls><office:styles><draw:gradient draw:name="Gradient_20_1" draw:display-name="Gradient 1" draw:style="linear" draw:start-color="#000000" draw:end-color="#ffffff" draw:start-intensity="100%" draw:end-intensity="100%" draw:angle="0" draw:border="0%"/><draw:gradient draw:name="Gradient_20_7" draw:display-name="Gradient 7" draw:style="linear" draw:start-color="#000000" draw:end-color="#ffffff" draw:start-intensity="100%" draw:end-intensity="100%" draw:angle="0" draw:border="0%"/><draw:hatch draw:name="Hatch_20_100" draw:display-name="Hatch 100" draw:style="single" draw:color="#000000" draw:distance="0.011cm" draw:rotation="0"/><draw:hatch draw:name="Hatch_20_101" draw:display-name="Hatch 101" draw:style="single" draw:color="#000000" draw:distance="0.011cm" draw:rotation="0"/><draw:hatch draw:name="Hatch_20_102" draw:display-name="Hatch 102" draw:style="single" draw:color="#000000" draw:distance="0.011cm" draw:rotation="0"/><draw:hatch draw:name="Hatch_20_103" draw:display-name="Hatch 103" draw:style="single" draw:color="#000000" draw:distance="0.011cm" draw:rotation="0"/><draw:hatch draw:name="Hatch_20_104" draw:display-name="Hatch 104" draw:style="single" draw:color="#000000" draw:distance="0.011cm" draw:rotation="0"/><draw:hatch draw:name="Hatch_20_105" draw:display-name="Hatch 105" draw:style="single" draw:color="#000000" draw:distance="0.011cm" draw:rotation="0"/><draw:hatch draw:name="Hatch_20_106" draw:display-name="Hatch 106" draw:style="single" draw:color="#000000" draw:distance="0.011cm" draw:rotation="0"/><draw:hatch draw:name="Hatch_20_107" draw:display-name="Hatch 107" draw:style="single" draw:color="#000000" draw:distance="0.011cm" draw:rotation="0"/><draw:hatch draw:name="Hatch_20_108" draw:display-name="Hatch 108" draw:style="single" draw:color="#000000" draw:distance="0.011cm" draw:rotation="0"/><draw:hatch draw:name="Hatch_20_109" draw:display-name="Hatch 109" draw:style="double" draw:color="#000000" draw:distance="0.51cm" draw:rotation="1350"/><draw:hatch draw:name="Hatch_20_110" draw:display-name="Hatch 110" draw:style="single" draw:color="#000000" draw:distance="0.011cm" draw:rotation="0"/><draw:hatch draw:name="Hatch_20_111" draw:display-name="Hatch 111" draw:style="single" draw:color="#000000" draw:distance="0.011cm" draw:rotation="0"/><draw:hatch draw:name="Hatch_20_112" draw:display-name="Hatch 112" draw:style="single" draw:color="#000000" draw:distance="0.011cm" draw:rotation="0"/><draw:hatch draw:name="Hatch_20_113" draw:display-name="Hatch 113" draw:style="single" draw:color="#000000" draw:distance="0.011cm" draw:rotation="0"/><draw:hatch draw:name="Hatch_20_114" draw:display-name="Hatch 114" draw:style="single" draw:color="#000000" draw:distance="0.011cm" draw:rotation="0"/><draw:hatch draw:name="Hatch_20_115" draw:display-name="Hatch 115" draw:style="single" draw:color="#000000" draw:distance="0.011cm" draw:rotation="0"/><draw:hatch draw:name="Hatch_20_116" draw:display-name="Hatch 116" draw:style="single" draw:color="#000000" draw:distance="0.011cm" draw:rotation="0"/><draw:hatch draw:name="Hatch_20_117" draw:display-name="Hatch 117" draw:style="single" draw:color="#000000" draw:distance="0.011cm" draw:rotation="0"/><draw:hatch draw:name="Hatch_20_118" draw:display-name="Hatch 118" draw:style="single" draw:color="#000000" draw:distance="0.011cm" draw:rotation="0"/><draw:hatch draw:name="Hatch_20_18" draw:display-name="Hatch 18" draw:style="single" draw:color="#000000" draw:distance="0.057cm" draw:rotation="450"/><draw:hatch draw:name="Hatch_20_19" draw:display-name="Hatch 19" draw:style="single" draw:color="#000000" draw:distance="0.057cm" draw:rotation="450"/><draw:hatch draw:name="Hatch_20_2" draw:display-name="Hatch 2" draw:style="single" draw:color="#000000" draw:distance="0.057cm" draw:rotation="450"/><draw:hatch draw:name="Hatch_20_21" draw:display-name="Hatch 21" draw:style="single" draw:color="#000000" draw:distance="0.011cm" draw:rotation="0"/><draw:hatch draw:name="Hatch_20_23" draw:display-name="Hatch 23" draw:style="single" draw:color="#000000" draw:distance="0.011cm" draw:rotation="0"/><draw:hatch draw:name="Hatch_20_25" draw:display-name="Hatch 25" draw:style="single" draw:color="#000000" draw:distance="0.011cm" draw:rotation="0"/><draw:hatch draw:name="Hatch_20_3" draw:display-name="Hatch 3" draw:style="single" draw:color="#000000" draw:distance="0.057cm" draw:rotation="450"/><draw:hatch draw:name="Hatch_20_4" draw:display-name="Hatch 4" draw:style="single" draw:color="#000000" draw:distance="0.057cm" draw:rotation="450"/><draw:hatch draw:name="Hatch_20_5" draw:display-name="Hatch 5" draw:style="single" draw:color="#000000" draw:distance="0.057cm" draw:rotation="450"/><draw:hatch draw:name="Hatch_20_6" draw:display-name="Hatch 6" draw:style="single" draw:color="#000000" draw:distance="0.057cm" draw:rotation="450"/><draw:hatch draw:name="Hatch_20_64" draw:display-name="Hatch 64" draw:style="single" draw:color="#000000" draw:distance="0.011cm" draw:rotation="0"/><draw:hatch draw:name="Hatch_20_65" draw:display-name="Hatch 65" draw:style="single" draw:color="#000000" draw:distance="0.011cm" draw:rotation="0"/><draw:hatch draw:name="Hatch_20_66" draw:display-name="Hatch 66" draw:style="single" draw:color="#000000" draw:distance="0.011cm" draw:rotation="0"/><draw:hatch draw:name="Hatch_20_67" draw:display-name="Hatch 67" draw:style="single" draw:color="#000000" draw:distance="0.011cm" draw:rotation="0"/><draw:hatch draw:name="Hatch_20_68" draw:display-name="Hatch 68" draw:style="single" draw:color="#000000" draw:distance="0.011cm" draw:rotation="0"/><draw:hatch draw:name="Hatch_20_69" draw:display-name="Hatch 69" draw:style="single" draw:color="#000000" draw:distance="0.011cm" draw:rotation="0"/><draw:hatch draw:name="Hatch_20_7" draw:display-name="Hatch 7" draw:style="single" draw:color="#000000" draw:distance="0.057cm" draw:rotation="450"/><draw:hatch draw:name="Hatch_20_70" draw:display-name="Hatch 70" draw:style="single" draw:color="#000000" draw:distance="0.011cm" draw:rotation="0"/><draw:hatch draw:name="Hatch_20_71" draw:display-name="Hatch 71" draw:style="single" draw:color="#000000" draw:distance="0.011cm" draw:rotation="0"/><draw:hatch draw:name="Hatch_20_72" draw:display-name="Hatch 72" draw:style="single" draw:color="#000000" draw:distance="0.011cm" draw:rotation="0"/><draw:hatch draw:name="Hatch_20_73" draw:display-name="Hatch 73" draw:style="single" draw:color="#000000" draw:distance="0.011cm" draw:rotation="0"/><draw:hatch draw:name="Hatch_20_74" draw:display-name="Hatch 74" draw:style="single" draw:color="#000000" draw:distance="0.011cm" draw:rotation="0"/><draw:hatch draw:name="Hatch_20_75" draw:display-name="Hatch 75" draw:style="single" draw:color="#000000" draw:distance="0.011cm" draw:rotation="0"/><draw:hatch draw:name="Hatch_20_76" draw:display-name="Hatch 76" draw:style="single" draw:color="#000000" draw:distance="0.011cm" draw:rotation="0"/><draw:hatch draw:name="Hatch_20_77" draw:display-name="Hatch 77" draw:style="single" draw:color="#000000" draw:distance="0.011cm" draw:rotation="0"/><draw:hatch draw:name="Hatch_20_78" draw:display-name="Hatch 78" draw:style="single" draw:color="#000000" draw:distance="0.011cm" draw:rotation="0"/><draw:hatch draw:name="Hatch_20_79" draw:display-name="Hatch 79" draw:style="single" draw:color="#000000" draw:distance="0.011cm" draw:rotation="0"/><draw:hatch draw:name="Hatch_20_8" draw:display-name="Hatch 8" draw:style="single" draw:color="#000000" draw:distance="0.057cm" draw:rotation="450"/><draw:hatch draw:name="Hatch_20_80" draw:display-name="Hatch 80" draw:style="single" draw:color="#000000" draw:distance="0.011cm" draw:rotation="0"/><draw:hatch draw:name="Hatch_20_81" draw:display-name="Hatch 81" draw:style="double" draw:color="#000000" draw:distance="0.51cm" draw:rotation="1350"/><draw:hatch draw:name="Hatch_20_82" draw:display-name="Hatch 82" draw:style="single" draw:color="#000000" draw:distance="0.011cm" draw:rotation="0"/><draw:hatch draw:name="Hatch_20_83" draw:display-name="Hatch 83" draw:style="single" draw:color="#000000" draw:distance="0.011cm" draw:rotation="0"/><draw:hatch draw:name="Hatch_20_84" draw:display-name="Hatch 84" draw:style="double" draw:color="#000000" draw:distance="0.51cm" draw:rotation="1350"/><draw:hatch draw:name="Hatch_20_85" draw:display-name="Hatch 85" draw:style="single" draw:color="#000000" draw:distance="0.011cm" draw:rotation="0"/><draw:hatch draw:name="Hatch_20_86" draw:display-name="Hatch 86" draw:style="single" draw:color="#000000" draw:distance="0.011cm" draw:rotation="0"/><draw:hatch draw:name="Hatch_20_87" draw:display-name="Hatch 87" draw:style="single" draw:color="#000000" draw:distance="0.011cm" draw:rotation="0"/><draw:hatch draw:name="Hatch_20_88" draw:display-name="Hatch 88" draw:style="single" draw:color="#000000" draw:distance="0.011cm" draw:rotation="0"/><draw:hatch draw:name="Hatch_20_89" draw:display-name="Hatch 89" draw:style="single" draw:color="#000000" draw:distance="0.011cm" draw:rotation="0"/><draw:hatch draw:name="Hatch_20_9" draw:display-name="Hatch 9" draw:style="single" draw:color="#000000" draw:distance="0.057cm" draw:rotation="450"/><draw:hatch draw:name="Hatch_20_90" draw:display-name="Hatch 90" draw:style="single" draw:color="#000000" draw:distance="0.011cm" draw:rotation="0"/><draw:hatch draw:name="Hatch_20_91" draw:display-name="Hatch 91" draw:style="single" draw:color="#000000" draw:distance="0.011cm" draw:rotation="0"/><draw:hatch draw:name="Hatch_20_92" draw:display-name="Hatch 92" draw:style="single" draw:color="#000000" draw:distance="0.011cm" draw:rotation="0"/><draw:hatch draw:name="Hatch_20_93" draw:display-name="Hatch 93" draw:style="single" draw:color="#000000" draw:distance="0.011cm" draw:rotation="0"/><draw:hatch draw:name="Hatch_20_94" draw:display-name="Hatch 94" draw:style="single" draw:color="#000000" draw:distance="0.011cm" draw:rotation="0"/><draw:hatch draw:name="Hatch_20_95" draw:display-name="Hatch 95" draw:style="single" draw:color="#000000" draw:distance="0.011cm" draw:rotation="0"/><draw:hatch draw:name="Hatch_20_96" draw:display-name="Hatch 96" draw:style="single" draw:color="#000000" draw:distance="0.011cm" draw:rotation="0"/><draw:hatch draw:name="Hatch_20_97" draw:display-name="Hatch 97" draw:style="single" draw:color="#000000" draw:distance="0.011cm" draw:rotation="0"/><draw:hatch draw:name="Hatch_20_98" draw:display-name="Hatch 98" draw:style="single" draw:color="#000000" draw:distance="0.011cm" draw:rotation="0"/><draw:hatch draw:name="Hatch_20_99" draw:display-name="Hatch 99" draw:style="single" draw:color="#000000" draw:distance="0.011cm" draw:rotation="0"/><draw:fill-image draw:name="Bitmape_20_1" draw:display-name="Bitmape 1" xlink:href="Pictures/10000000000000200000002000309F1C.png" xlink:type="simple" xlink:show="embed" xlink:actuate="onLoad"/><draw:marker draw:name="Arrow" svg:viewBox="0 0 20 30" svg:d="m10 0-10 30h20z"/><draw:marker draw:name="Extrémité_20_de_20_ligne_20_1" draw:display-name="Extrémité de ligne 1" svg:viewBox="0 0 1321 3493" svg:d="m1321 3493h-1321l702-3493z"/><draw:marker draw:name="Small_20_Arrow" draw:display-name="Small Arrow" svg:viewBox="0 0 1321 3493" svg:d="m1321 3493h-1321l702-3493z"/><draw:stroke-dash draw:name="Dash_20_1" draw:display-name="Dash 1" draw:style="rect" draw:dots1="1" draw:dots1-length="1.138cm" draw:dots2="10" draw:distance="0.086cm"/><draw:stroke-dash draw:name="Dash_20_10" draw:display-name="Dash 10" draw:style="rect" draw:dots1="1" draw:dots1-length="1.138cm" draw:dots2="10" draw:distance="0.086cm"/><draw:stroke-dash draw:name="Dash_20_109" draw:display-name="Dash 109" draw:style="rect" draw:dots1="1" draw:dots1-length="0.011cm" draw:dots2="1" draw:dots2-length="0.011cm" draw:distance="0.011cm"/><draw:stroke-dash draw:name="Dash_20_11" draw:display-name="Dash 11" draw:style="rect" draw:dots1="1" draw:dots1-length="1.138cm" draw:dots2="10" draw:distance="0.086cm"/><draw:stroke-dash draw:name="Dash_20_111" draw:display-name="Dash 111" draw:style="rect" draw:dots1="1" draw:dots1-length="0.011cm" draw:dots2="1" draw:dots2-length="0.011cm" draw:distance="0.011cm"/><draw:stroke-dash draw:name="Dash_20_113" draw:display-name="Dash 113" draw:style="rect" draw:dots1="1" draw:dots1-length="0.011cm" draw:dots2="1" draw:dots2-length="0.011cm" draw:distance="0.011cm"/><draw:stroke-dash draw:name="Dash_20_115" draw:display-name="Dash 115" draw:style="rect" draw:dots1="1" draw:dots1-length="0.011cm" draw:dots2="1" draw:dots2-length="0.011cm" draw:distance="0.011cm"/><draw:stroke-dash draw:name="Dash_20_117" draw:display-name="Dash 117" draw:style="rect" draw:dots1="1" draw:dots1-length="0.011cm" draw:dots2="1" draw:dots2-length="0.011cm" draw:distance="0.011cm"/><draw:stroke-dash draw:name="Dash_20_119" draw:display-name="Dash 119" draw:style="rect" draw:dots1="1" draw:dots1-length="0.011cm" draw:dots2="1" draw:dots2-length="0.011cm" draw:distance="0.011cm"/><draw:stroke-dash draw:name="Dash_20_12" draw:display-name="Dash 12" draw:style="rect" draw:dots1="1" draw:dots1-length="1.138cm" draw:dots2="10" draw:distance="0.086cm"/><draw:stroke-dash draw:name="Dash_20_121" draw:display-name="Dash 121" draw:style="rect" draw:dots1="1" draw:dots1-length="0.011cm" draw:dots2="1" draw:dots2-length="0.011cm" draw:distance="0.011cm"/><draw:stroke-dash draw:name="Dash_20_123" draw:display-name="Dash 123" draw:style="rect" draw:dots1="1" draw:dots1-length="0.011cm" draw:dots2="1" draw:dots2-length="0.011cm" draw:distance="0.011cm"/><draw:stroke-dash draw:name="Dash_20_125" draw:display-name="Dash 125" draw:style="rect" draw:dots1="1" draw:dots1-length="0.011cm" draw:dots2="1" draw:dots2-length="0.011cm" draw:distance="0.011cm"/><draw:stroke-dash draw:name="Dash_20_127" draw:display-name="Dash 127" draw:style="rect" draw:dots1="1" draw:dots1-length="0.011cm" draw:dots2="1" draw:dots2-length="0.011cm" draw:distance="0.011cm"/><draw:stroke-dash draw:name="Dash_20_129" draw:display-name="Dash 129" draw:style="rect" draw:dots1="1" draw:dots1-length="0.011cm" draw:dots2="1" draw:dots2-length="0.011cm" draw:distance="0.011cm"/><draw:stroke-dash draw:name="Dash_20_13" draw:display-name="Dash 13" draw:style="rect" draw:dots1="1" draw:dots1-length="1.138cm" draw:dots2="10" draw:distance="0.086cm"/><draw:stroke-dash draw:name="Dash_20_131" draw:display-name="Dash 131" draw:style="rect" draw:dots1="1" draw:dots1-length="0.011cm" draw:dots2="1" draw:dots2-length="0.011cm" draw:distance="0.011cm"/><draw:stroke-dash draw:name="Dash_20_133" draw:display-name="Dash 133" draw:style="rect" draw:dots1="1" draw:dots1-length="0.011cm" draw:dots2="1" draw:dots2-length="0.011cm" draw:distance="0.011cm"/><draw:stroke-dash draw:name="Dash_20_135" draw:display-name="Dash 135" draw:style="rect" draw:dots1="1" draw:dots1-length="0.011cm" draw:dots2="1" draw:dots2-length="0.011cm" draw:distance="0.011cm"/><draw:stroke-dash draw:name="Dash_20_137" draw:display-name="Dash 137" draw:style="rect" draw:dots1="1" draw:dots1-length="0.011cm" draw:dots2="1" draw:dots2-length="0.011cm" draw:distance="0.011cm"/><draw:stroke-dash draw:name="Dash_20_139" draw:display-name="Dash 139" draw:style="rect" draw:dots1="1" draw:dots1-length="0.011cm" draw:dots2="1" draw:dots2-length="0.011cm" draw:distance="0.011cm"/><draw:stroke-dash draw:name="Dash_20_14" draw:display-name="Dash 14" draw:style="rect" draw:dots1="1" draw:dots1-length="1.138cm" draw:dots2="10" draw:distance="0.086cm"/><draw:stroke-dash draw:name="Dash_20_141" draw:display-name="Dash 141" draw:style="rect" draw:dots1="1" draw:dots1-length="0.011cm" draw:dots2="1" draw:dots2-length="0.011cm" draw:distance="0.011cm"/><draw:stroke-dash draw:name="Dash_20_143" draw:display-name="Dash 143" draw:style="rect" draw:dots1="1" draw:dots1-length="0.011cm" draw:dots2="1" draw:dots2-length="0.011cm" draw:distance="0.011cm"/><draw:stroke-dash draw:name="Dash_20_145" draw:display-name="Dash 145" draw:style="rect" draw:dots1="1" draw:dots1-length="0.011cm" draw:dots2="1" draw:dots2-length="0.011cm" draw:distance="0.011cm"/><draw:stroke-dash draw:name="Dash_20_147" draw:display-name="Dash 147" draw:style="rect" draw:dots1="1" draw:dots1-length="0.011cm" draw:dots2="1" draw:dots2-length="0.011cm" draw:distance="0.011cm"/><draw:stroke-dash draw:name="Dash_20_149" draw:display-name="Dash 149" draw:style="rect" draw:dots1="1" draw:dots1-length="0.011cm" draw:dots2="1" draw:dots2-length="0.011cm" draw:distance="0.011cm"/><draw:stroke-dash draw:name="Dash_20_15" draw:display-name="Dash 15" draw:style="rect" draw:dots1="1" draw:dots1-length="1.138cm" draw:dots2="10" draw:distance="0.086cm"/><draw:stroke-dash draw:name="Dash_20_151" draw:display-name="Dash 151" draw:style="rect" draw:dots1="1" draw:dots1-length="0.011cm" draw:dots2="1" draw:dots2-length="0.011cm" draw:distance="0.011cm"/><draw:stroke-dash draw:name="Dash_20_153" draw:display-name="Dash 153" draw:style="rect" draw:dots1="1" draw:dots1-length="0.011cm" draw:dots2="1" draw:dots2-length="0.011cm" draw:distance="0.011cm"/><draw:stroke-dash draw:name="Dash_20_155" draw:display-name="Dash 155" draw:style="rect" draw:dots1="1" draw:dots1-length="0.011cm" draw:dots2="1" draw:dots2-length="0.011cm" draw:distance="0.011cm"/><draw:stroke-dash draw:name="Dash_20_157" draw:display-name="Dash 157" draw:style="rect" draw:dots1="1" draw:dots1-length="0.011cm" draw:dots2="1" draw:dots2-length="0.011cm" draw:distance="0.011cm"/><draw:stroke-dash draw:name="Dash_20_159" draw:display-name="Dash 159" draw:style="rect" draw:dots1="1" draw:dots1-length="0.011cm" draw:dots2="1" draw:dots2-length="0.011cm" draw:distance="0.011cm"/><draw:stroke-dash draw:name="Dash_20_16" draw:display-name="Dash 16" draw:style="rect" draw:dots1="1" draw:dots1-length="0.288cm" draw:dots2="1" draw:dots2-length="0.288cm" draw:distance="0.288cm"/><draw:stroke-dash draw:name="Dash_20_161" draw:display-name="Dash 161" draw:style="rect" draw:dots1="1" draw:dots1-length="0.011cm" draw:dots2="1" draw:dots2-length="0.011cm" draw:distance="0.011cm"/><draw:stroke-dash draw:name="Dash_20_163" draw:display-name="Dash 163" draw:style="rect" draw:dots1="1" draw:dots1-length="0.011cm" draw:dots2="1" draw:dots2-length="0.011cm" draw:distance="0.011cm"/><draw:stroke-dash draw:name="Dash_20_165" draw:display-name="Dash 165" draw:style="rect" draw:dots1="1" draw:dots1-length="0.011cm" draw:dots2="1" draw:dots2-length="0.011cm" draw:distance="0.011cm"/><draw:stroke-dash draw:name="Dash_20_167" draw:display-name="Dash 167" draw:style="rect" draw:dots1="1" draw:dots1-length="0.011cm" draw:dots2="1" draw:dots2-length="0.011cm" draw:distance="0.011cm"/><draw:stroke-dash draw:name="Dash_20_169" draw:display-name="Dash 169" draw:style="rect" draw:dots1="1" draw:dots1-length="0.011cm" draw:dots2="1" draw:dots2-length="0.011cm" draw:distance="0.011cm"/><draw:stroke-dash draw:name="Dash_20_17" draw:display-name="Dash 17" draw:style="rect" draw:dots1="1" draw:dots1-length="1.138cm" draw:dots2="10" draw:distance="0.086cm"/><draw:stroke-dash draw:name="Dash_20_171" draw:display-name="Dash 171" draw:style="rect" draw:dots1="1" draw:dots1-length="0.011cm" draw:dots2="1" draw:dots2-length="0.011cm" draw:distance="0.011cm"/><draw:stroke-dash draw:name="Dash_20_173" draw:display-name="Dash 173" draw:style="rect" draw:dots1="1" draw:dots1-length="0.011cm" draw:dots2="1" draw:dots2-length="0.011cm" draw:distance="0.011cm"/><draw:stroke-dash draw:name="Dash_20_175" draw:display-name="Dash 175" draw:style="rect" draw:dots1="1" draw:dots1-length="0.011cm" draw:dots2="1" draw:dots2-length="0.011cm" draw:distance="0.011cm"/><draw:stroke-dash draw:name="Dash_20_177" draw:display-name="Dash 177" draw:style="rect" draw:dots1="1" draw:dots1-length="0.011cm" draw:dots2="1" draw:dots2-length="0.011cm" draw:distance="0.011cm"/><draw:stroke-dash draw:name="Dash_20_179" draw:display-name="Dash 179" draw:style="rect" draw:dots1="1" draw:dots1-length="0.011cm" draw:dots2="1" draw:dots2-length="0.011cm" draw:distance="0.011cm"/><draw:stroke-dash draw:name="Dash_20_18" draw:display-name="Dash 18" draw:style="rect" draw:dots1="1" draw:dots1-length="1.138cm" draw:dots2="10" draw:distance="0.086cm"/><draw:stroke-dash draw:name="Dash_20_181" draw:display-name="Dash 181" draw:style="rect" draw:dots1="1" draw:dots1-length="0.011cm" draw:dots2="1" draw:dots2-length="0.011cm" draw:distance="0.011cm"/><draw:stroke-dash draw:name="Dash_20_183" draw:display-name="Dash 183" draw:style="rect" draw:dots1="1" draw:dots1-length="0.011cm" draw:dots2="1" draw:dots2-length="0.011cm" draw:distance="0.011cm"/><draw:stroke-dash draw:name="Dash_20_185" draw:display-name="Dash 185" draw:style="rect" draw:dots1="1" draw:dots1-length="0.011cm" draw:dots2="1" draw:dots2-length="0.011cm" draw:distance="0.011cm"/><draw:stroke-dash draw:name="Dash_20_187" draw:display-name="Dash 187" draw:style="rect" draw:dots1="1" draw:dots1-length="0.011cm" draw:dots2="1" draw:dots2-length="0.011cm" draw:distance="0.011cm"/><draw:stroke-dash draw:name="Dash_20_189" draw:display-name="Dash 189" draw:style="rect" draw:dots1="1" draw:dots1-length="0.011cm" draw:dots2="1" draw:dots2-length="0.011cm" draw:distance="0.011cm"/><draw:stroke-dash draw:name="Dash_20_19" draw:display-name="Dash 19" draw:style="rect" draw:dots1="1" draw:dots1-length="1.138cm" draw:dots2="10" draw:distance="0.086cm"/><draw:stroke-dash draw:name="Dash_20_191" draw:display-name="Dash 191" draw:style="rect" draw:dots1="1" draw:dots1-length="0.011cm" draw:dots2="1" draw:dots2-length="0.011cm" draw:distance="0.011cm"/><draw:stroke-dash draw:name="Dash_20_193" draw:display-name="Dash 193" draw:style="rect" draw:dots1="1" draw:dots1-length="0.011cm" draw:dots2="1" draw:dots2-length="0.011cm" draw:distance="0.011cm"/><draw:stroke-dash draw:name="Dash_20_195" draw:display-name="Dash 195" draw:style="rect" draw:dots1="1" draw:dots1-length="0.011cm" draw:dots2="1" draw:dots2-length="0.011cm" draw:distance="0.011cm"/><draw:stroke-dash draw:name="Dash_20_197" draw:display-name="Dash 197" draw:style="rect" draw:dots1="1" draw:dots1-length="0.011cm" draw:dots2="1" draw:dots2-length="0.011cm" draw:distance="0.011cm"/><draw:stroke-dash draw:name="Dash_20_199" draw:display-name="Dash 199" draw:style="rect" draw:dots1="1" draw:dots1-length="0.011cm" draw:dots2="1" draw:dots2-length="0.011cm" draw:distance="0.011cm"/><draw:stroke-dash draw:name="Dash_20_2" draw:display-name="Dash 2" draw:style="rect" draw:dots1="1" draw:dots1-length="1.138cm" draw:dots2="10" draw:distance="0.086cm"/><draw:stroke-dash draw:name="Dash_20_20" draw:display-name="Dash 20" draw:style="rect" draw:dots1="1" draw:dots1-length="1.138cm" draw:dots2="10" draw:distance="0.086cm"/><draw:stroke-dash draw:name="Dash_20_201" draw:display-name="Dash 201" draw:style="rect" draw:dots1="1" draw:dots1-length="0.011cm" draw:dots2="1" draw:dots2-length="0.011cm" draw:distance="0.011cm"/><draw:stroke-dash draw:name="Dash_20_203" draw:display-name="Dash 203" draw:style="rect" draw:dots1="1" draw:dots1-length="0.011cm" draw:dots2="1" draw:dots2-length="0.011cm" draw:distance="0.011cm"/><draw:stroke-dash draw:name="Dash_20_205" draw:display-name="Dash 205" draw:style="rect" draw:dots1="1" draw:dots1-length="0.011cm" draw:dots2="1" draw:dots2-length="0.011cm" draw:distance="0.011cm"/><draw:stroke-dash draw:name="Dash_20_207" draw:display-name="Dash 207" draw:style="rect" draw:dots1="1" draw:dots1-length="0.011cm" draw:dots2="1" draw:dots2-length="0.011cm" draw:distance="0.011cm"/><draw:stroke-dash draw:name="Dash_20_209" draw:display-name="Dash 209" draw:style="rect" draw:dots1="1" draw:dots1-length="0.011cm" draw:dots2="1" draw:dots2-length="0.011cm" draw:distance="0.011cm"/><draw:stroke-dash draw:name="Dash_20_21" draw:display-name="Dash 21" draw:style="rect" draw:dots1="1" draw:dots1-length="1.138cm" draw:dots2="10" draw:distance="0.086cm"/><draw:stroke-dash draw:name="Dash_20_211" draw:display-name="Dash 211" draw:style="rect" draw:dots1="1" draw:dots1-length="0.011cm" draw:dots2="1" draw:dots2-length="0.011cm" draw:distance="0.011cm"/><draw:stroke-dash draw:name="Dash_20_213" draw:display-name="Dash 213" draw:style="rect" draw:dots1="1" draw:dots1-length="0.011cm" draw:dots2="1" draw:dots2-length="0.011cm" draw:distance="0.011cm"/><draw:stroke-dash draw:name="Dash_20_215" draw:display-name="Dash 215" draw:style="rect" draw:dots1="1" draw:dots1-length="0.011cm" draw:dots2="1" draw:dots2-length="0.011cm" draw:distance="0.011cm"/><draw:stroke-dash draw:name="Dash_20_217" draw:display-name="Dash 217" draw:style="rect" draw:dots1="1" draw:dots1-length="0.011cm" draw:dots2="1" draw:dots2-length="0.011cm" draw:distance="0.011cm"/><draw:stroke-dash draw:name="Dash_20_219" draw:display-name="Dash 219" draw:style="rect" draw:dots1="1" draw:dots1-length="0.011cm" draw:dots2="1" draw:dots2-length="0.011cm" draw:distance="0.011cm"/><draw:stroke-dash draw:name="Dash_20_22" draw:display-name="Dash 22" draw:style="rect" draw:dots1="1" draw:dots1-length="1.138cm" draw:dots2="10" draw:distance="0.086cm"/><draw:stroke-dash draw:name="Dash_20_221" draw:display-name="Dash 221" draw:style="rect" draw:dots1="1" draw:dots1-length="0.011cm" draw:dots2="1" draw:dots2-length="0.011cm" draw:distance="0.011cm"/><draw:stroke-dash draw:name="Dash_20_223" draw:display-name="Dash 223" draw:style="rect" draw:dots1="1" draw:dots1-length="0.011cm" draw:dots2="1" draw:dots2-length="0.011cm" draw:distance="0.011cm"/><draw:stroke-dash draw:name="Dash_20_225" draw:display-name="Dash 225" draw:style="rect" draw:dots1="1" draw:dots1-length="0.011cm" draw:dots2="1" draw:dots2-length="0.011cm" draw:distance="0.011cm"/><draw:stroke-dash draw:name="Dash_20_227" draw:display-name="Dash 227" draw:style="rect" draw:dots1="1" draw:dots1-length="0.011cm" draw:dots2="1" draw:dots2-length="0.011cm" draw:distance="0.011cm"/><draw:stroke-dash draw:name="Dash_20_23" draw:display-name="Dash 23" draw:style="rect" draw:dots1="1" draw:dots1-length="1.138cm" draw:dots2="10" draw:distance="0.086cm"/><draw:stroke-dash draw:name="Dash_20_24" draw:display-name="Dash 24" draw:style="rect" draw:dots1="1" draw:dots1-length="1.138cm" draw:dots2="10" draw:distance="0.086cm"/><draw:stroke-dash draw:name="Dash_20_25" draw:display-name="Dash 25" draw:style="rect" draw:dots1="1" draw:dots1-length="0.288cm" draw:dots2="1" draw:dots2-length="0.288cm" draw:distance="0.288cm"/><draw:stroke-dash draw:name="Dash_20_26" draw:display-name="Dash 26" draw:style="rect" draw:dots1="1" draw:dots1-length="1.138cm" draw:dots2="10" draw:distance="0.086cm"/><draw:stroke-dash draw:name="Dash_20_27" draw:display-name="Dash 27" draw:style="rect" draw:dots1="1" draw:dots1-length="1.138cm" draw:dots2="10" draw:distance="0.086cm"/><draw:stroke-dash draw:name="Dash_20_28" draw:display-name="Dash 28" draw:style="rect" draw:dots1="1" draw:dots1-length="1.138cm" draw:dots2="10" draw:distance="0.086cm"/><draw:stroke-dash draw:name="Dash_20_29" draw:display-name="Dash 29" draw:style="rect" draw:dots1="1" draw:dots1-length="1.138cm" draw:dots2="10" draw:distance="0.086cm"/><draw:stroke-dash draw:name="Dash_20_3" draw:display-name="Dash 3" draw:style="rect" draw:dots1="1" draw:dots1-length="1.138cm" draw:dots2="10" draw:distance="0.086cm"/><draw:stroke-dash draw:name="Dash_20_30" draw:display-name="Dash 30" draw:style="rect" draw:dots1="1" draw:dots1-length="1.138cm" draw:dots2="10" draw:distance="0.086cm"/><draw:stroke-dash draw:name="Dash_20_31" draw:display-name="Dash 31" draw:style="rect" draw:dots1="1" draw:dots1-length="1.138cm" draw:dots2="10" draw:distance="0.086cm"/><draw:stroke-dash draw:name="Dash_20_32" draw:display-name="Dash 32" draw:style="rect" draw:dots1="1" draw:dots1-length="0.288cm" draw:dots2="1" draw:dots2-length="0.288cm" draw:distance="0.288cm"/><draw:stroke-dash draw:name="Dash_20_33" draw:display-name="Dash 33" draw:style="rect" draw:dots1="1" draw:dots1-length="1.138cm" draw:dots2="10" draw:distance="0.086cm"/><draw:stroke-dash draw:name="Dash_20_34" draw:display-name="Dash 34" draw:style="rect" draw:dots1="1" draw:dots1-length="1.138cm" draw:dots2="10" draw:distance="0.086cm"/><draw:stroke-dash draw:name="Dash_20_4" draw:display-name="Dash 4" draw:style="rect" draw:dots1="1" draw:dots1-length="1.138cm" draw:dots2="10" draw:distance="0.086cm"/><draw:stroke-dash draw:name="Dash_20_48" draw:display-name="Dash 48" draw:style="rect" draw:dots1="1" draw:dots1-length="1.138cm" draw:dots2="10" draw:distance="0.086cm"/><draw:stroke-dash draw:name="Dash_20_49" draw:display-name="Dash 49" draw:style="rect" draw:dots1="1" draw:dots1-length="1.138cm" draw:dots2="10" draw:distance="0.086cm"/><draw:stroke-dash draw:name="Dash_20_5" draw:display-name="Dash 5" draw:style="rect" draw:dots1="1" draw:dots1-length="1.138cm" draw:dots2="10" draw:distance="0.086cm"/><draw:stroke-dash draw:name="Dash_20_50" draw:display-name="Dash 50" draw:style="rect" draw:dots1="1" draw:dots1-length="1.138cm" draw:dots2="10" draw:distance="0.086cm"/><draw:stroke-dash draw:name="Dash_20_51" draw:display-name="Dash 51" draw:style="rect" draw:dots1="1" draw:dots1-length="1.138cm" draw:dots2="10" draw:distance="0.086cm"/><draw:stroke-dash draw:name="Dash_20_52" draw:display-name="Dash 52" draw:style="rect" draw:dots1="1" draw:dots1-length="0.288cm" draw:dots2="1" draw:dots2-length="0.288cm" draw:distance="0.288cm"/><draw:stroke-dash draw:name="Dash_20_53" draw:display-name="Dash 53" draw:style="rect" draw:dots1="1" draw:dots1-length="1.138cm" draw:dots2="10" draw:distance="0.086cm"/><draw:stroke-dash draw:name="Dash_20_54" draw:display-name="Dash 54" draw:style="rect" draw:dots1="1" draw:dots1-length="1.138cm" draw:dots2="10" draw:distance="0.086cm"/><draw:stroke-dash draw:name="Dash_20_56" draw:display-name="Dash 56" draw:style="rect" draw:dots1="1" draw:dots1-length="0.011cm" draw:dots2="1" draw:dots2-length="0.011cm" draw:distance="0.011cm"/><draw:stroke-dash draw:name="Dash_20_58" draw:display-name="Dash 58" draw:style="rect" draw:dots1="1" draw:dots1-length="0.011cm" draw:dots2="1" draw:dots2-length="0.011cm" draw:distance="0.011cm"/><draw:stroke-dash draw:name="Dash_20_6" draw:display-name="Dash 6" draw:style="rect" draw:dots1="1" draw:dots1-length="1.138cm" draw:dots2="10" draw:distance="0.086cm"/><draw:stroke-dash draw:name="Dash_20_60" draw:display-name="Dash 60" draw:style="rect" draw:dots1="1" draw:dots1-length="0.011cm" draw:dots2="1" draw:dots2-length="0.011cm" draw:distance="0.011cm"/><draw:stroke-dash draw:name="Dash_20_7" draw:display-name="Dash 7" draw:style="rect" draw:dots1="1" draw:dots1-length="0.288cm" draw:dots2="1" draw:dots2-length="0.288cm" draw:distance="0.288cm"/><draw:stroke-dash draw:name="Dash_20_8" draw:display-name="Dash 8" draw:style="rect" draw:dots1="1" draw:dots1-length="1.138cm" draw:dots2="10" draw:distance="0.086cm"/><draw:stroke-dash draw:name="Dash_20_9" draw:display-name="Dash 9" draw:style="rect" draw:dots1="1" draw:dots1-length="1.138cm" draw:dots2="10" draw:distance="0.086cm"/><style:default-style style:family="graphic"><style:graphic-properties draw:shadow-offset-x="0.3cm" draw:shadow-offset-y="0.3cm" draw:start-line-spacing-horizontal="0.283cm" draw:start-line-spacing-vertical="0.283cm" draw:end-line-spacing-horizontal="0.283cm" draw:end-line-spacing-vertical="0.283cm" style:flow-with-text="true"/><style:paragraph-properties style:text-autospace="ideograph-alpha" style:line-break="strict" style:writing-mode="lr-tb" style:font-independent-line-spacing="false"><style:tab-stops/></style:paragraph-properties><style:text-properties fo:color="#000000" fo:font-size="12pt" fo:language="none" fo:country="none" style:font-size-asian="12pt" style:language-asian="none" style:country-asian="none" style:font-size-complex="12pt" style:language-complex="none" style:country-complex="none"/></style:default-style><style:default-style style:family="paragraph"><style:paragraph-properties style:text-autospace="ideograph-alpha" style:punctuation-wrap="hanging" style:line-break="strict" style:writing-mode="page"/><style:text-properties fo:color="#000000" style:font-name="Thorndale" fo:font-size="12pt" fo:language="none" fo:country="none" style:font-name-asian="Andale Sans UI" style:font-size-asian="12pt" style:language-asian="none" style:country-asian="none" style:font-name-complex="Tahoma" style:font-size-complex="12pt" style:language-complex="none" style:country-complex="none"/></style:default-style><style:default-style style:family="table"><style:table-properties table:border-model="separating"/></style:default-style><style:default-style style:family="table-row"><style:table-row-properties fo:keep-together="auto"/></style:default-style><style:style style:name="Standard" style:family="paragraph" style:class="text"/><style:style style:name="Text_20_body" style:display-name="Text body" style:family="paragraph" style:parent-style-name="Standard" style:class="text"><style:paragraph-properties fo:margin-top="0cm" fo:margin-bottom="0.212cm"/></style:style><style:style style:name="Header" style:family="paragraph" style:parent-style-name="Standard" style:class="extra"><style:paragraph-properties text:number-lines="false" text:line-number="0"><style:tab-stops><style:tab-stop style:position="8.5cm" style:type="center"/><style:tab-stop style:position="17cm" style:type="right"/></style:tab-stops></style:paragraph-properties></style:style><style:style style:name="Header_20_left" style:display-name="Header left" style:family="paragraph" style:parent-style-name="Standard" style:class="extra"><style:paragraph-properties text:number-lines="false" text:line-number="0"><style:tab-stops><style:tab-stop style:position="8.5cm" style:type="center"/><style:tab-stop style:position="17cm" style:type="right"/></style:tab-stops></style:paragraph-properties></style:style><style:style style:name="Table_20_Contents" style:display-name="Table Contents" style:family="paragraph" style:parent-style-name="Text_20_body" style:class="extra"><style:paragraph-properties text:number-lines="false" text:line-number="0"/></style:style><style:style style:name="Table_20_Heading" style:display-name="Table Heading" style:family="paragraph" style:parent-style-name="Table_20_Contents" style:class="extra"><style:paragraph-properties fo:text-align="center" style:justify-single-word="false" text:number-lines="false" text:line-number="0"/><style:text-properties fo:font-style="italic" fo:font-weight="bold" style:font-style-asian="italic" style:font-weight-asian="bold" style:font-style-complex="italic" style:font-weight-complex="bold"/></style:style><style:style style:name="Caption" style:family="paragraph" style:parent-style-name="Standard" style:class="extra"><style:paragraph-properties fo:margin-top="0.212cm" fo:margin-bottom="0.212cm" text:number-lines="false" text:line-number="0"/><style:text-properties fo:font-size="10pt" fo:font-style="italic" style:font-size-asian="10pt" style:font-style-asian="italic" style:font-size-complex="10pt" style:font-style-complex="italic"/></style:style><style:style style:name="Illustration" style:family="paragraph" style:parent-style-name="Caption" style:class="extra"/><style:style style:name="Frame_20_contents" style:display-name="Frame contents" style:family="paragraph" style:parent-style-name="Text_20_body" style:class="extra"/><style:style style:name="Figue" style:family="paragraph" style:parent-style-name="Caption"/><style:style style:name="Figure" style:family="paragraph" style:parent-style-name="Caption"/><style:style style:name="Footnote_20_Symbol" style:display-name="Footnote Symbol" style:family="text"/><style:style style:name="Endnote_20_Symbol" style:display-name="Endnote Symbol" style:family="text"/><style:style style:name="Frame" style:family="graphic"><style:graphic-properties text:anchor-type="paragraph" svg:x="0cm" svg:y="0cm" fo:margin-left="0.201cm" fo:margin-right="0.201cm" fo:margin-top="0.201cm" fo:margin-bottom="0.201cm" style:wrap="parallel" style:number-wrapped-paragraphs="no-limit" style:wrap-contour="false" style:vertical-pos="top" style:vertical-rel="paragraph-content" style:horizontal-pos="center" style:horizontal-rel="paragraph-content" fo:padding="0.15cm" fo:border="0.002cm solid #000000"/></style:style><style:style style:name="Graphics" style:family="graphic"><style:graphic-properties text:anchor-type="paragraph" svg:x="0cm" svg:y="0cm" style:wrap="none" style:vertical-pos="top" style:vertical-rel="paragraph" style:horizontal-pos="center" style:horizontal-rel="paragraph"/></style:style><style:style style:name="OLE" style:family="graphic"><style:graphic-properties text:anchor-type="paragraph" svg:x="0cm" svg:y="0cm" style:wrap="none" style:vertical-pos="top" style:vertical-rel="paragraph" style:horizontal-pos="center" style:horizontal-rel="paragraph"/></style:style><style:style style:name="Formula" style:family="graphic"><style:graphic-properties text:anchor-type="as-char" svg:y="0cm" fo:margin-left="0.201cm" fo:margin-right="0.201cm" style:vertical-pos="middle" style:vertical-rel="text"/></style:style><text:outline-style><text:outline-level-style text:level="1" style:num-format=""/><text:outline-level-style text:level="2" style:num-format=""/><text:outline-level-style text:level="3" style:num-format=""/><text:outline-level-style text:level="4" style:num-format=""/><text:outline-level-style text:level="5" style:num-format=""/><text:outline-level-style text:level="6" style:num-format=""/><text:outline-level-style text:level="7" style:num-format=""/><text:outline-level-style text:level="8" style:num-format=""/><text:outline-level-style text:level="9" style:num-format=""/><text:outline-level-style text:level="10" style:num-format=""/></text:outline-style><text:notes-configuration text:note-class="footnote" text:citation-style-name="Footnote_20_Symbol" style:num-format="1" text:start-value="0" text:footnotes-position="page" text:start-numbering-at="page"/><text:notes-configuration text:note-class="endnote" text:citation-style-name="Endnote_20_Symbol" text:master-page-name="Endnote" style:num-format="1" text:start-value="0"/><text:linenumbering-configuration text:number-lines="false" text:offset="0.499cm" style:num-format="1" text:number-position="left" text:increment="5"/></office:styles><office:automatic-styles><style:style style:name="P1" style:family="paragraph" style:parent-style-name="Standard"><style:paragraph-properties fo:text-align="center" style:justify-single-word="false"/><style:text-properties fo:font-weight="bold" style:font-weight-asian="bold" style:font-weight-complex="bold"/></style:style><style:page-layout style:name="pm1"><style:page-layout-properties fo:page-width="21.001cm" fo:page-height="29.7cm" style:num-format="1" style:print-orientation="portrait" fo:margin-top="2cm" fo:margin-bottom="1.499cm" fo:margin-left="2cm" fo:margin-right="2cm" style:writing-mode="lr-tb" style:footnote-max-height="0cm"><style:footnote-sep style:width="0.018cm" style:distance-before-sep="0.101cm" style:distance-after-sep="0.101cm" style:adjustment="left" style:rel-width="25%" style:color="#000000"/></style:page-layout-properties><style:header-style><style:header-footer-properties fo:min-height="4.999cm" fo:margin-left="0cm" fo:margin-right="0cm" fo:margin-bottom="0.499cm" style:dynamic-spacing="false"/></style:header-style><style:footer-style/></style:page-layout><style:page-layout style:name="pm2"><style:page-layout-properties fo:page-width="21.001cm" fo:page-height="29.7cm" style:num-format="1" style:print-orientation="portrait" fo:margin-top="2cm" fo:margin-bottom="2cm" fo:margin-left="2cm" fo:margin-right="2cm" style:writing-mode="lr-tb" style:footnote-max-height="0cm"><style:footnote-sep style:width="0.018cm" style:distance-before-sep="0.101cm" style:distance-after-sep="0.101cm" style:adjustment="left" style:rel-width="25%" style:color="#000000"/></style:page-layout-properties><style:header-style><style:header-footer-properties fo:min-height="4.999cm" fo:margin-left="0cm" fo:margin-right="0cm" fo:margin-bottom="0.499cm" style:dynamic-spacing="false"/></style:header-style><style:footer-style/></style:page-layout><style:page-layout style:name="pm3"><style:page-layout-properties fo:page-width="21.001cm" fo:page-height="29.7cm" style:num-format="1" style:print-orientation="portrait" fo:margin-top="2cm" fo:margin-bottom="2cm" fo:margin-left="2cm" fo:margin-right="2cm" style:writing-mode="lr-tb" style:footnote-max-height="0cm"><style:footnote-sep style:adjustment="left" style:rel-width="25%" style:color="#000000"/></style:page-layout-properties><style:header-style/><style:footer-style/></style:page-layout><style:page-layout style:name="pm4"><style:page-layout-properties fo:page-width="20.999cm" fo:page-height="29.699cm" style:num-format="1" style:print-orientation="portrait" fo:margin-top="2cm" fo:margin-bottom="2cm" fo:margin-left="2cm" fo:margin-right="2cm" style:writing-mode="lr-tb" style:footnote-max-height="0cm"><style:footnote-sep style:width="0.018cm" style:distance-before-sep="0.101cm" style:distance-after-sep="0.101cm" style:adjustment="left" style:rel-width="25%" style:color="#000000"/></style:page-layout-properties><style:header-style><style:header-footer-properties fo:min-height="4.999cm" fo:margin-left="0cm" fo:margin-right="0cm" fo:margin-bottom="0.499cm" style:dynamic-spacing="false"/></style:header-style><style:footer-style/></style:page-layout></office:automatic-styles><office:master-styles><style:master-page style:name="Standard" style:page-layout-name="pm1"><style:header><text:p text:style-name="Header"/><text:p text:style-name="Header"/><text:p text:style-name="Header"/><text:p text:style-name="Header"/><text:p text:style-name="Header"/><text:p text:style-name="Header"/><text:p text:style-name="P1">Album Figures -page <text:page-number text:select-page="current">8</text:page-number> -</text:p></style:header></style:master-page><style:master-page style:name="First_20_Page" style:display-name="First Page" style:page-layout-name="pm2" style:next-style-name="Standard"><style:header><text:p text:style-name="Header"/><text:p text:style-name="Header"/><text:p text:style-name="Header"/><text:p text:style-name="Header"/><text:p text:style-name="Header"/><text:p text:style-name="Header"/><text:p text:style-name="P1">ALBUM FIGURES ( <text:page-count>8</text:page-count> pages )</text:p></style:header><style:header-left><text:p text:style-name="Header_20_left"/></style:header-left></style:master-page><style:master-page style:name="Endnote" style:page-layout-name="pm3"/><style:master-page style:name="premiere_5f_page_5f_PSI_5f_Album" style:display-name="premiere_page_PSI_Album" style:page-layout-name="pm4"><style:header><text:p text:style-name="Header"/></style:header></style:master-page></office:master-styles></office:document-styles>