<?xml version="1.0" encoding="UTF-8"?>
<office:document-content xmlns:office="urn:oasis:names:tc:opendocument:xmlns:office:1.0" xmlns:style="urn:oasis:names:tc:opendocument:xmlns:style:1.0" xmlns:text="urn:oasis:names:tc:opendocument:xmlns:text:1.0" xmlns:table="urn:oasis:names:tc:opendocument:xmlns:table:1.0" xmlns:draw="urn:oasis:names:tc:opendocument:xmlns:drawing:1.0" xmlns:fo="urn:oasis:names:tc:opendocument:xmlns:xsl-fo-compatible:1.0" xmlns:xlink="http://www.w3.org/1999/xlink" xmlns:dc="http://purl.org/dc/elements/1.1/" xmlns:meta="urn:oasis:names:tc:opendocument:xmlns:meta:1.0" xmlns:number="urn:oasis:names:tc:opendocument:xmlns:datastyle:1.0" xmlns:svg="urn:oasis:names:tc:opendocument:xmlns:svg-compatible:1.0" xmlns:chart="urn:oasis:names:tc:opendocument:xmlns:chart:1.0" xmlns:dr3d="urn:oasis:names:tc:opendocument:xmlns:dr3d:1.0" xmlns:math="http://www.w3.org/1998/Math/MathML" xmlns:form="urn:oasis:names:tc:opendocument:xmlns:form:1.0" xmlns:script="urn:oasis:names:tc:opendocument:xmlns:script:1.0" xmlns:ooo="http://openoffice.org/2004/office" xmlns:ooow="http://openoffice.org/2004/writer" xmlns:oooc="http://openoffice.org/2004/calc" xmlns:dom="http://www.w3.org/2001/xml-events" xmlns:xforms="http://www.w3.org/2002/xforms" xmlns:xsd="http://www.w3.org/2001/XMLSchema" xmlns:xsi="http://www.w3.org/2001/XMLSchema-instance" office:version="1.0"><office:scripts/><office:font-face-decls><style:font-face style:name="Andale Sans UI" svg:font-family="&apos;Andale Sans UI&apos;" style:font-pitch="variable"/><style:font-face style:name="Tahoma" svg:font-family="Tahoma" style:font-pitch="variable"/><style:font-face style:name="Albany" svg:font-family="Albany" style:font-family-generic="swiss" style:font-pitch="variable"/></office:font-face-decls><office:automatic-styles><style:style style:name="co1" style:family="table-column"><style:table-column-properties fo:break-before="auto" style:column-width="1.603cm"/></style:style><style:style style:name="co2" style:family="table-column"><style:table-column-properties fo:break-before="auto" style:column-width="2.267cm"/></style:style><style:style style:name="ro1" style:family="table-row"><style:table-row-properties style:row-height="0.453cm" fo:break-before="auto" style:use-optimal-row-height="true"/></style:style><style:style style:name="ta1" style:family="table" style:master-page-name="Default"><style:table-properties table:display="true" style:writing-mode="lr-tb"/></style:style><style:style style:name="ce1" style:family="table-cell" style:parent-style-name="Default"><style:table-cell-properties style:text-align-source="fix" style:repeat-content="false"/><style:paragraph-properties fo:text-align="center" fo:margin-left="0cm"/></style:style><style:style style:name="ce2" style:family="table-cell" style:parent-style-name="Default" style:data-style-name="N110"><style:table-cell-properties style:text-align-source="fix" style:repeat-content="false"/><style:paragraph-properties fo:text-align="center" fo:margin-left="0cm"/></style:style></office:automatic-styles><office:body><office:spreadsheet><table:table table:name="log" table:style-name="ta1" table:print="false"><table:table-column table:style-name="co1" table:default-cell-style-name="ce1"/><table:table-column table:style-name="co1" table:default-cell-style-name="ce2"/><table:table-column table:style-name="co1" table:default-cell-style-name="ce1"/><table:table-column table:style-name="co1" table:default-cell-style-name="ce2"/><table:table-column table:style-name="co1" table:default-cell-style-name="ce1"/><table:table-column table:style-name="co1" table:default-cell-style-name="ce2"/><table:table-row table:style-name="ro1"><table:table-cell table:style-name="Default" table:number-columns-repeated="6"/></table:table-row><table:table-row table:style-name="ro1"><table:table-cell office:value-type="string"><text:p>X</text:p></table:table-cell><table:table-cell office:value-type="string"><text:p>Log(X)</text:p></table:table-cell><table:table-cell office:value-type="string"><text:p>X</text:p></table:table-cell><table:table-cell office:value-type="string"><text:p>Log(X)</text:p></table:table-cell><table:table-cell office:value-type="string"><text:p>X</text:p></table:table-cell><table:table-cell office:value-type="string"><text:p>Log(X)</text:p></table:table-cell></table:table-row><table:table-row table:style-name="ro1"><table:table-cell table:style-name="ce2" office:value-type="float" office:value="0.001"><text:p>0,001</text:p></table:table-cell><table:table-cell table:formula="oooc:=LOG([.A3];10)" office:value-type="float" office:value="-3"><text:p>-3,000</text:p></table:table-cell><table:table-cell table:formula="oooc:=[.A53]+0.1" office:value-type="float" office:value="5"><text:p>5</text:p></table:table-cell><table:table-cell table:formula="oooc:=LOG([.C3];10)" office:value-type="float" office:value="0.698970004336019"><text:p>0,699</text:p></table:table-cell><table:table-cell office:value-type="float" office:value="10"><text:p>10</text:p></table:table-cell><table:table-cell table:formula="oooc:=LOG([.E3];10)" office:value-type="float" office:value="1"><text:p>1,000</text:p></table:table-cell></table:table-row><table:table-row table:style-name="ro1"><table:table-cell office:value-type="float" office:value="0.01"><text:p>0,01</text:p></table:table-cell><table:table-cell table:formula="oooc:=LOG([.A4];10)" office:value-type="float" office:value="-2"><text:p>-2,000</text:p></table:table-cell><table:table-cell table:formula="oooc:=[.C3]+0.1" office:value-type="float" office:value="5.1"><text:p>5,1</text:p></table:table-cell><table:table-cell table:formula="oooc:=LOG([.C4];10)" office:value-type="float" office:value="0.707570176097936"><text:p>0,708</text:p></table:table-cell><table:table-cell table:formula="oooc:=[.E3]+2" office:value-type="float" office:value="12"><text:p>12</text:p></table:table-cell><table:table-cell table:formula="oooc:=LOG([.E4];10)" office:value-type="float" office:value="1.07918124604762"><text:p>1,079</text:p></table:table-cell></table:table-row><table:table-row table:style-name="ro1"><table:table-cell table:formula="oooc:=0+0.1" office:value-type="float" office:value="0.1"><text:p>0,1</text:p></table:table-cell><table:table-cell table:formula="oooc:=LOG([.A5];10)" office:value-type="float" office:value="-1"><text:p>-1,000</text:p></table:table-cell><table:table-cell table:formula="oooc:=[.C4]+0.1" office:value-type="float" office:value="5.2"><text:p>5,2</text:p></table:table-cell><table:table-cell table:formula="oooc:=LOG([.C5];10)" office:value-type="float" office:value="0.716003343634799"><text:p>0,716</text:p></table:table-cell><table:table-cell table:formula="oooc:=[.E4]+2" office:value-type="float" office:value="14"><text:p>14</text:p></table:table-cell><table:table-cell table:formula="oooc:=LOG([.E5];10)" office:value-type="float" office:value="1.14612803567824"><text:p>1,146</text:p></table:table-cell></table:table-row><table:table-row table:style-name="ro1"><table:table-cell table:formula="oooc:=[.A5]+0.1" office:value-type="float" office:value="0.2"><text:p>0,2</text:p></table:table-cell><table:table-cell table:formula="oooc:=LOG([.A6];10)" office:value-type="float" office:value="-0.698970004336019"><text:p>-0,699</text:p></table:table-cell><table:table-cell table:formula="oooc:=[.C5]+0.1" office:value-type="float" office:value="5.3"><text:p>5,3</text:p></table:table-cell><table:table-cell table:formula="oooc:=LOG([.C6];10)" office:value-type="float" office:value="0.724275869600789"><text:p>0,724</text:p></table:table-cell><table:table-cell table:formula="oooc:=[.E5]+2" office:value-type="float" office:value="16"><text:p>16</text:p></table:table-cell><table:table-cell table:formula="oooc:=LOG([.E6];10)" office:value-type="float" office:value="1.20411998265592"><text:p>1,204</text:p></table:table-cell></table:table-row><table:table-row table:style-name="ro1"><table:table-cell table:formula="oooc:=[.A6]+0.1" office:value-type="float" office:value="0.3"><text:p>0,3</text:p></table:table-cell><table:table-cell table:formula="oooc:=LOG([.A7];10)" office:value-type="float" office:value="-0.522878745280338"><text:p>-0,523</text:p></table:table-cell><table:table-cell table:formula="oooc:=[.C6]+0.1" office:value-type="float" office:value="5.4"><text:p>5,4</text:p></table:table-cell><table:table-cell table:formula="oooc:=LOG([.C7];10)" office:value-type="float" office:value="0.732393759822968"><text:p>0,732</text:p></table:table-cell><table:table-cell table:formula="oooc:=[.E6]+2" office:value-type="float" office:value="18"><text:p>18</text:p></table:table-cell><table:table-cell table:formula="oooc:=LOG([.E7];10)" office:value-type="float" office:value="1.25527250510331"><text:p>1,255</text:p></table:table-cell></table:table-row><table:table-row table:style-name="ro1"><table:table-cell table:formula="oooc:=[.A7]+0.1" office:value-type="float" office:value="0.4"><text:p>0,4</text:p></table:table-cell><table:table-cell table:formula="oooc:=LOG([.A8];10)" office:value-type="float" office:value="-0.397940008672038"><text:p>-0,398</text:p></table:table-cell><table:table-cell table:formula="oooc:=[.C7]+0.1" office:value-type="float" office:value="5.5"><text:p>5,5</text:p></table:table-cell><table:table-cell table:formula="oooc:=LOG([.C8];10)" office:value-type="float" office:value="0.740362689494244"><text:p>0,740</text:p></table:table-cell><table:table-cell table:formula="oooc:=[.E7]+2" office:value-type="float" office:value="20"><text:p>20</text:p></table:table-cell><table:table-cell table:formula="oooc:=LOG([.E8];10)" office:value-type="float" office:value="1.30102999566398"><text:p>1,301</text:p></table:table-cell></table:table-row><table:table-row table:style-name="ro1"><table:table-cell table:formula="oooc:=[.A8]+0.1" office:value-type="float" office:value="0.5"><text:p>0,5</text:p></table:table-cell><table:table-cell table:formula="oooc:=LOG([.A9];10)" office:value-type="float" office:value="-0.301029995663981"><text:p>-0,301</text:p></table:table-cell><table:table-cell table:formula="oooc:=[.C8]+0.1" office:value-type="float" office:value="5.6"><text:p>5,6</text:p></table:table-cell><table:table-cell table:formula="oooc:=LOG([.C9];10)" office:value-type="float" office:value="0.7481880270062"><text:p>0,748</text:p></table:table-cell><table:table-cell table:formula="oooc:=[.E8]+2" office:value-type="float" office:value="22"><text:p>22</text:p></table:table-cell><table:table-cell table:formula="oooc:=LOG([.E9];10)" office:value-type="float" office:value="1.34242268082221"><text:p>1,342</text:p></table:table-cell></table:table-row><table:table-row table:style-name="ro1"><table:table-cell table:formula="oooc:=[.A9]+0.1" office:value-type="float" office:value="0.6"><text:p>0,6</text:p></table:table-cell><table:table-cell table:formula="oooc:=LOG([.A10];10)" office:value-type="float" office:value="-0.221848749616356"><text:p>-0,222</text:p></table:table-cell><table:table-cell table:formula="oooc:=[.C9]+0.1" office:value-type="float" office:value="5.7"><text:p>5,7</text:p></table:table-cell><table:table-cell table:formula="oooc:=LOG([.C10];10)" office:value-type="float" office:value="0.755874855672491"><text:p>0,756</text:p></table:table-cell><table:table-cell table:formula="oooc:=[.E9]+2" office:value-type="float" office:value="24"><text:p>24</text:p></table:table-cell><table:table-cell table:formula="oooc:=LOG([.E10];10)" office:value-type="float" office:value="1.38021124171161"><text:p>1,380</text:p></table:table-cell></table:table-row><table:table-row table:style-name="ro1"><table:table-cell table:formula="oooc:=[.A10]+0.1" office:value-type="float" office:value="0.7"><text:p>0,7</text:p></table:table-cell><table:table-cell table:formula="oooc:=LOG([.A11];10)" office:value-type="float" office:value="-0.154901959985743"><text:p>-0,155</text:p></table:table-cell><table:table-cell table:formula="oooc:=[.C10]+0.1" office:value-type="float" office:value="5.8"><text:p>5,8</text:p></table:table-cell><table:table-cell table:formula="oooc:=LOG([.C11];10)" office:value-type="float" office:value="0.763427993562937"><text:p>0,763</text:p></table:table-cell><table:table-cell table:formula="oooc:=[.E10]+2" office:value-type="float" office:value="26"><text:p>26</text:p></table:table-cell><table:table-cell table:formula="oooc:=LOG([.E11];10)" office:value-type="float" office:value="1.41497334797082"><text:p>1,415</text:p></table:table-cell></table:table-row><table:table-row table:style-name="ro1"><table:table-cell table:formula="oooc:=[.A11]+0.1" office:value-type="float" office:value="0.8"><text:p>0,8</text:p></table:table-cell><table:table-cell table:formula="oooc:=LOG([.A12];10)" office:value-type="float" office:value="-0.0969100130080565"><text:p>-0,097</text:p></table:table-cell><table:table-cell table:formula="oooc:=[.C11]+0.1" office:value-type="float" office:value="5.9"><text:p>5,9</text:p></table:table-cell><table:table-cell table:formula="oooc:=LOG([.C12];10)" office:value-type="float" office:value="0.770852011642144"><text:p>0,771</text:p></table:table-cell><table:table-cell table:formula="oooc:=[.E11]+2" office:value-type="float" office:value="28"><text:p>28</text:p></table:table-cell><table:table-cell table:formula="oooc:=LOG([.E12];10)" office:value-type="float" office:value="1.44715803134222"><text:p>1,447</text:p></table:table-cell></table:table-row><table:table-row table:style-name="ro1"><table:table-cell table:formula="oooc:=[.A12]+0.1" office:value-type="float" office:value="0.9"><text:p>0,9</text:p></table:table-cell><table:table-cell table:formula="oooc:=LOG([.A13];10)" office:value-type="float" office:value="-0.0457574905606752"><text:p>-0,046</text:p></table:table-cell><table:table-cell table:formula="oooc:=[.C12]+0.1" office:value-type="float" office:value="6"><text:p>6</text:p></table:table-cell><table:table-cell table:formula="oooc:=LOG([.C13];10)" office:value-type="float" office:value="0.778151250383643"><text:p>0,778</text:p></table:table-cell><table:table-cell table:formula="oooc:=[.E12]+2" office:value-type="float" office:value="30"><text:p>30</text:p></table:table-cell><table:table-cell table:formula="oooc:=LOG([.E13];10)" office:value-type="float" office:value="1.47712125471966"><text:p>1,477</text:p></table:table-cell></table:table-row><table:table-row table:style-name="ro1"><table:table-cell table:formula="oooc:=[.A13]+0.1" office:value-type="float" office:value="1"><text:p>1</text:p></table:table-cell><table:table-cell table:formula="oooc:=LOG([.A14];10)" office:value-type="float" office:value="-4.82163733276644E-017"><text:p>0,000</text:p></table:table-cell><table:table-cell table:formula="oooc:=[.C13]+0.1" office:value-type="float" office:value="6.09999999999999"><text:p>6,1</text:p></table:table-cell><table:table-cell table:formula="oooc:=LOG([.C14];10)" office:value-type="float" office:value="0.785329835010767"><text:p>0,785</text:p></table:table-cell><table:table-cell table:formula="oooc:=[.E13]+2" office:value-type="float" office:value="32"><text:p>32</text:p></table:table-cell><table:table-cell table:formula="oooc:=LOG([.E14];10)" office:value-type="float" office:value="1.50514997831991"><text:p>1,505</text:p></table:table-cell></table:table-row><table:table-row table:style-name="ro1"><table:table-cell table:formula="oooc:=[.A14]+0.1" office:value-type="float" office:value="1.1"><text:p>1,1</text:p></table:table-cell><table:table-cell table:formula="oooc:=LOG([.A15];10)" office:value-type="float" office:value="0.041392685158225"><text:p>0,041</text:p></table:table-cell><table:table-cell table:formula="oooc:=[.C14]+0.1" office:value-type="float" office:value="6.19999999999999"><text:p>6,2</text:p></table:table-cell><table:table-cell table:formula="oooc:=LOG([.C15];10)" office:value-type="float" office:value="0.792391689498253"><text:p>0,792</text:p></table:table-cell><table:table-cell table:formula="oooc:=[.E14]+2" office:value-type="float" office:value="34"><text:p>34</text:p></table:table-cell><table:table-cell table:formula="oooc:=LOG([.E15];10)" office:value-type="float" office:value="1.53147891704226"><text:p>1,531</text:p></table:table-cell></table:table-row><table:table-row table:style-name="ro1"><table:table-cell table:formula="oooc:=[.A15]+0.1" office:value-type="float" office:value="1.2"><text:p>1,2</text:p></table:table-cell><table:table-cell table:formula="oooc:=LOG([.A16];10)" office:value-type="float" office:value="0.0791812460476248"><text:p>0,079</text:p></table:table-cell><table:table-cell table:formula="oooc:=[.C15]+0.1" office:value-type="float" office:value="6.29999999999999"><text:p>6,3</text:p></table:table-cell><table:table-cell table:formula="oooc:=LOG([.C16];10)" office:value-type="float" office:value="0.799340549453581"><text:p>0,799</text:p></table:table-cell><table:table-cell table:formula="oooc:=[.E15]+2" office:value-type="float" office:value="36"><text:p>36</text:p></table:table-cell><table:table-cell table:formula="oooc:=LOG([.E16];10)" office:value-type="float" office:value="1.55630250076729"><text:p>1,556</text:p></table:table-cell></table:table-row><table:table-row table:style-name="ro1"><table:table-cell table:formula="oooc:=[.A16]+0.1" office:value-type="float" office:value="1.3"><text:p>1,3</text:p></table:table-cell><table:table-cell table:formula="oooc:=LOG([.A17];10)" office:value-type="float" office:value="0.113943352306837"><text:p>0,114</text:p></table:table-cell><table:table-cell table:formula="oooc:=[.C16]+0.1" office:value-type="float" office:value="6.39999999999999"><text:p>6,4</text:p></table:table-cell><table:table-cell table:formula="oooc:=LOG([.C17];10)" office:value-type="float" office:value="0.806179973983887"><text:p>0,806</text:p></table:table-cell><table:table-cell table:formula="oooc:=[.E16]+2" office:value-type="float" office:value="38"><text:p>38</text:p></table:table-cell><table:table-cell table:formula="oooc:=LOG([.E17];10)" office:value-type="float" office:value="1.57978359661681"><text:p>1,580</text:p></table:table-cell></table:table-row><table:table-row table:style-name="ro1"><table:table-cell table:formula="oooc:=[.A17]+0.1" office:value-type="float" office:value="1.4"><text:p>1,4</text:p></table:table-cell><table:table-cell table:formula="oooc:=LOG([.A18];10)" office:value-type="float" office:value="0.146128035678238"><text:p>0,146</text:p></table:table-cell><table:table-cell table:formula="oooc:=[.C17]+0.1" office:value-type="float" office:value="6.49999999999999"><text:p>6,5</text:p></table:table-cell><table:table-cell table:formula="oooc:=LOG([.C18];10)" office:value-type="float" office:value="0.812913356642855"><text:p>0,813</text:p></table:table-cell><table:table-cell table:formula="oooc:=[.E17]+2" office:value-type="float" office:value="40"><text:p>40</text:p></table:table-cell><table:table-cell table:formula="oooc:=LOG([.E18];10)" office:value-type="float" office:value="1.60205999132796"><text:p>1,602</text:p></table:table-cell></table:table-row><table:table-row table:style-name="ro1"><table:table-cell table:formula="oooc:=[.A18]+0.1" office:value-type="float" office:value="1.5"><text:p>1,5</text:p></table:table-cell><table:table-cell table:formula="oooc:=LOG([.A19];10)" office:value-type="float" office:value="0.176091259055681"><text:p>0,176</text:p></table:table-cell><table:table-cell table:formula="oooc:=[.C18]+0.1" office:value-type="float" office:value="6.59999999999999"><text:p>6,6</text:p></table:table-cell><table:table-cell table:formula="oooc:=LOG([.C19];10)" office:value-type="float" office:value="0.819543935541868"><text:p>0,820</text:p></table:table-cell><table:table-cell table:formula="oooc:=[.E18]+2" office:value-type="float" office:value="42"><text:p>42</text:p></table:table-cell><table:table-cell table:formula="oooc:=LOG([.E19];10)" office:value-type="float" office:value="1.6232492903979"><text:p>1,623</text:p></table:table-cell></table:table-row><table:table-row table:style-name="ro1"><table:table-cell table:formula="oooc:=[.A19]+0.1" office:value-type="float" office:value="1.6"><text:p>1,6</text:p></table:table-cell><table:table-cell table:formula="oooc:=LOG([.A20];10)" office:value-type="float" office:value="0.204119982655925"><text:p>0,204</text:p></table:table-cell><table:table-cell table:formula="oooc:=[.C19]+0.1" office:value-type="float" office:value="6.69999999999999"><text:p>6,7</text:p></table:table-cell><table:table-cell table:formula="oooc:=LOG([.C20];10)" office:value-type="float" office:value="0.826074802700826"><text:p>0,826</text:p></table:table-cell><table:table-cell table:formula="oooc:=[.E19]+2" office:value-type="float" office:value="44"><text:p>44</text:p></table:table-cell><table:table-cell table:formula="oooc:=LOG([.E20];10)" office:value-type="float" office:value="1.64345267648619"><text:p>1,643</text:p></table:table-cell></table:table-row><table:table-row table:style-name="ro1"><table:table-cell table:formula="oooc:=[.A20]+0.1" office:value-type="float" office:value="1.7"><text:p>1,7</text:p></table:table-cell><table:table-cell table:formula="oooc:=LOG([.A21];10)" office:value-type="float" office:value="0.230448921378274"><text:p>0,230</text:p></table:table-cell><table:table-cell table:formula="oooc:=[.C20]+0.1" office:value-type="float" office:value="6.79999999999999"><text:p>6,8</text:p></table:table-cell><table:table-cell table:formula="oooc:=LOG([.C21];10)" office:value-type="float" office:value="0.832508912706236"><text:p>0,833</text:p></table:table-cell><table:table-cell table:formula="oooc:=[.E20]+2" office:value-type="float" office:value="46"><text:p>46</text:p></table:table-cell><table:table-cell table:formula="oooc:=LOG([.E21];10)" office:value-type="float" office:value="1.66275783168157"><text:p>1,663</text:p></table:table-cell></table:table-row><table:table-row table:style-name="ro1"><table:table-cell table:formula="oooc:=[.A21]+0.1" office:value-type="float" office:value="1.8"><text:p>1,8</text:p></table:table-cell><table:table-cell table:formula="oooc:=LOG([.A22];10)" office:value-type="float" office:value="0.255272505103306"><text:p>0,255</text:p></table:table-cell><table:table-cell table:formula="oooc:=[.C21]+0.1" office:value-type="float" office:value="6.89999999999999"><text:p>6,9</text:p></table:table-cell><table:table-cell table:formula="oooc:=LOG([.C22];10)" office:value-type="float" office:value="0.838849090737255"><text:p>0,839</text:p></table:table-cell><table:table-cell table:formula="oooc:=[.E21]+2" office:value-type="float" office:value="48"><text:p>48</text:p></table:table-cell><table:table-cell table:formula="oooc:=LOG([.E22];10)" office:value-type="float" office:value="1.68124123737559"><text:p>1,681</text:p></table:table-cell></table:table-row><table:table-row table:style-name="ro1"><table:table-cell table:formula="oooc:=[.A22]+0.1" office:value-type="float" office:value="1.9"><text:p>1,9</text:p></table:table-cell><table:table-cell table:formula="oooc:=LOG([.A23];10)" office:value-type="float" office:value="0.278753600952829"><text:p>0,279</text:p></table:table-cell><table:table-cell table:formula="oooc:=[.C22]+0.1" office:value-type="float" office:value="6.99999999999999"><text:p>7</text:p></table:table-cell><table:table-cell table:formula="oooc:=LOG([.C23];10)" office:value-type="float" office:value="0.845098040014256"><text:p>0,845</text:p></table:table-cell><table:table-cell table:formula="oooc:=[.E22]+2" office:value-type="float" office:value="50"><text:p>50</text:p></table:table-cell><table:table-cell table:formula="oooc:=LOG([.E23];10)" office:value-type="float" office:value="1.69897000433602"><text:p>1,699</text:p></table:table-cell></table:table-row><table:table-row table:style-name="ro1"><table:table-cell table:formula="oooc:=[.A23]+0.1" office:value-type="float" office:value="2"><text:p>2</text:p></table:table-cell><table:table-cell table:formula="oooc:=LOG([.A24];10)" office:value-type="float" office:value="0.301029995663981"><text:p>0,301</text:p></table:table-cell><table:table-cell table:formula="oooc:=[.C23]+0.1" office:value-type="float" office:value="7.09999999999999"><text:p>7,1</text:p></table:table-cell><table:table-cell table:formula="oooc:=LOG([.C24];10)" office:value-type="float" office:value="0.851258348719075"><text:p>0,851</text:p></table:table-cell><table:table-cell table:formula="oooc:=[.E23]+2" office:value-type="float" office:value="52"><text:p>52</text:p></table:table-cell><table:table-cell table:formula="oooc:=LOG([.E24];10)" office:value-type="float" office:value="1.7160033436348"><text:p>1,716</text:p></table:table-cell></table:table-row><table:table-row table:style-name="ro1"><table:table-cell table:formula="oooc:=[.A24]+0.1" office:value-type="float" office:value="2.1"><text:p>2,1</text:p></table:table-cell><table:table-cell table:formula="oooc:=LOG([.A25];10)" office:value-type="float" office:value="0.322219294733919"><text:p>0,322</text:p></table:table-cell><table:table-cell table:formula="oooc:=[.C24]+0.1" office:value-type="float" office:value="7.19999999999999"><text:p>7,2</text:p></table:table-cell><table:table-cell table:formula="oooc:=LOG([.C25];10)" office:value-type="float" office:value="0.857332496431268"><text:p>0,857</text:p></table:table-cell><table:table-cell table:formula="oooc:=[.E24]+2" office:value-type="float" office:value="54"><text:p>54</text:p></table:table-cell><table:table-cell table:formula="oooc:=LOG([.E25];10)" office:value-type="float" office:value="1.73239375982297"><text:p>1,732</text:p></table:table-cell></table:table-row><table:table-row table:style-name="ro1"><table:table-cell table:formula="oooc:=[.A25]+0.1" office:value-type="float" office:value="2.2"><text:p>2,2</text:p></table:table-cell><table:table-cell table:formula="oooc:=LOG([.A26];10)" office:value-type="float" office:value="0.342422680822206"><text:p>0,342</text:p></table:table-cell><table:table-cell table:formula="oooc:=[.C25]+0.1" office:value-type="float" office:value="7.29999999999999"><text:p>7,3</text:p></table:table-cell><table:table-cell table:formula="oooc:=LOG([.C26];10)" office:value-type="float" office:value="0.863322860120455"><text:p>0,863</text:p></table:table-cell><table:table-cell table:formula="oooc:=[.E25]+2" office:value-type="float" office:value="56"><text:p>56</text:p></table:table-cell><table:table-cell table:formula="oooc:=LOG([.E26];10)" office:value-type="float" office:value="1.7481880270062"><text:p>1,748</text:p></table:table-cell></table:table-row><table:table-row table:style-name="ro1"><table:table-cell table:formula="oooc:=[.A26]+0.1" office:value-type="float" office:value="2.3"><text:p>2,3</text:p></table:table-cell><table:table-cell table:formula="oooc:=LOG([.A27];10)" office:value-type="float" office:value="0.361727836017593"><text:p>0,362</text:p></table:table-cell><table:table-cell table:formula="oooc:=[.C26]+0.1" office:value-type="float" office:value="7.39999999999999"><text:p>7,4</text:p></table:table-cell><table:table-cell table:formula="oooc:=LOG([.C27];10)" office:value-type="float" office:value="0.869231719730976"><text:p>0,869</text:p></table:table-cell><table:table-cell table:formula="oooc:=[.E26]+2" office:value-type="float" office:value="58"><text:p>58</text:p></table:table-cell><table:table-cell table:formula="oooc:=LOG([.E27];10)" office:value-type="float" office:value="1.76342799356294"><text:p>1,763</text:p></table:table-cell></table:table-row><table:table-row table:style-name="ro1"><table:table-cell table:formula="oooc:=[.A27]+0.1" office:value-type="float" office:value="2.4"><text:p>2,4</text:p></table:table-cell><table:table-cell table:formula="oooc:=LOG([.A28];10)" office:value-type="float" office:value="0.380211241711606"><text:p>0,380</text:p></table:table-cell><table:table-cell table:formula="oooc:=[.C27]+0.1" office:value-type="float" office:value="7.49999999999999"><text:p>7,5</text:p></table:table-cell><table:table-cell table:formula="oooc:=LOG([.C28];10)" office:value-type="float" office:value="0.875061263391699"><text:p>0,875</text:p></table:table-cell><table:table-cell table:formula="oooc:=[.E27]+2" office:value-type="float" office:value="60"><text:p>60</text:p></table:table-cell><table:table-cell table:formula="oooc:=LOG([.E28];10)" office:value-type="float" office:value="1.77815125038364"><text:p>1,778</text:p></table:table-cell></table:table-row><table:table-row table:style-name="ro1"><table:table-cell table:formula="oooc:=[.A28]+0.1" office:value-type="float" office:value="2.5"><text:p>2,5</text:p></table:table-cell><table:table-cell table:formula="oooc:=LOG([.A29];10)" office:value-type="float" office:value="0.397940008672038"><text:p>0,398</text:p></table:table-cell><table:table-cell table:formula="oooc:=[.C28]+0.1" office:value-type="float" office:value="7.59999999999999"><text:p>7,6</text:p></table:table-cell><table:table-cell table:formula="oooc:=LOG([.C29];10)" office:value-type="float" office:value="0.880813592280791"><text:p>0,881</text:p></table:table-cell><table:table-cell table:formula="oooc:=[.E28]+2" office:value-type="float" office:value="62"><text:p>62</text:p></table:table-cell><table:table-cell table:formula="oooc:=LOG([.E29];10)" office:value-type="float" office:value="1.79239168949825"><text:p>1,792</text:p></table:table-cell></table:table-row><table:table-row table:style-name="ro1"><table:table-cell table:formula="oooc:=[.A29]+0.1" office:value-type="float" office:value="2.6"><text:p>2,6</text:p></table:table-cell><table:table-cell table:formula="oooc:=LOG([.A30];10)" office:value-type="float" office:value="0.414973347970818"><text:p>0,415</text:p></table:table-cell><table:table-cell table:formula="oooc:=[.C29]+0.1" office:value-type="float" office:value="7.69999999999999"><text:p>7,7</text:p></table:table-cell><table:table-cell table:formula="oooc:=LOG([.C30];10)" office:value-type="float" office:value="0.886490725172481"><text:p>0,886</text:p></table:table-cell><table:table-cell table:formula="oooc:=[.E29]+2" office:value-type="float" office:value="64"><text:p>64</text:p></table:table-cell><table:table-cell table:formula="oooc:=LOG([.E30];10)" office:value-type="float" office:value="1.80617997398389"><text:p>1,806</text:p></table:table-cell></table:table-row><table:table-row table:style-name="ro1"><table:table-cell table:formula="oooc:=[.A30]+0.1" office:value-type="float" office:value="2.7"><text:p>2,7</text:p></table:table-cell><table:table-cell table:formula="oooc:=LOG([.A31];10)" office:value-type="float" office:value="0.431363764158987"><text:p>0,431</text:p></table:table-cell><table:table-cell table:formula="oooc:=[.C30]+0.1" office:value-type="float" office:value="7.79999999999999"><text:p>7,8</text:p></table:table-cell><table:table-cell table:formula="oooc:=LOG([.C31];10)" office:value-type="float" office:value="0.89209460269048"><text:p>0,892</text:p></table:table-cell><table:table-cell table:formula="oooc:=[.E30]+2" office:value-type="float" office:value="66"><text:p>66</text:p></table:table-cell><table:table-cell table:formula="oooc:=LOG([.E31];10)" office:value-type="float" office:value="1.81954393554187"><text:p>1,820</text:p></table:table-cell></table:table-row><table:table-row table:style-name="ro1"><table:table-cell table:formula="oooc:=[.A31]+0.1" office:value-type="float" office:value="2.8"><text:p>2,8</text:p></table:table-cell><table:table-cell table:formula="oooc:=LOG([.A32];10)" office:value-type="float" office:value="0.447158031342219"><text:p>0,447</text:p></table:table-cell><table:table-cell table:formula="oooc:=[.C31]+0.1" office:value-type="float" office:value="7.89999999999999"><text:p>7,9</text:p></table:table-cell><table:table-cell table:formula="oooc:=LOG([.C32];10)" office:value-type="float" office:value="0.897627091290441"><text:p>0,898</text:p></table:table-cell><table:table-cell table:formula="oooc:=[.E31]+2" office:value-type="float" office:value="68"><text:p>68</text:p></table:table-cell><table:table-cell table:formula="oooc:=LOG([.E32];10)" office:value-type="float" office:value="1.83250891270624"><text:p>1,833</text:p></table:table-cell></table:table-row><table:table-row table:style-name="ro1"><table:table-cell table:formula="oooc:=[.A32]+0.1" office:value-type="float" office:value="2.9"><text:p>2,9</text:p></table:table-cell><table:table-cell table:formula="oooc:=LOG([.A33];10)" office:value-type="float" office:value="0.462397997898956"><text:p>0,462</text:p></table:table-cell><table:table-cell table:formula="oooc:=[.C32]+0.1" office:value-type="float" office:value="7.99999999999999"><text:p>8</text:p></table:table-cell><table:table-cell table:formula="oooc:=LOG([.C33];10)" office:value-type="float" office:value="0.903089986991943"><text:p>0,903</text:p></table:table-cell><table:table-cell table:formula="oooc:=[.E32]+2" office:value-type="float" office:value="70"><text:p>70</text:p></table:table-cell><table:table-cell table:formula="oooc:=LOG([.E33];10)" office:value-type="float" office:value="1.84509804001426"><text:p>1,845</text:p></table:table-cell></table:table-row><table:table-row table:style-name="ro1"><table:table-cell table:formula="oooc:=[.A33]+0.1" office:value-type="float" office:value="3"><text:p>3</text:p></table:table-cell><table:table-cell table:formula="oooc:=LOG([.A34];10)" office:value-type="float" office:value="0.477121254719663"><text:p>0,477</text:p></table:table-cell><table:table-cell table:formula="oooc:=[.C33]+0.1" office:value-type="float" office:value="8.09999999999999"><text:p>8,1</text:p></table:table-cell><table:table-cell table:formula="oooc:=LOG([.C34];10)" office:value-type="float" office:value="0.908485018878649"><text:p>0,908</text:p></table:table-cell><table:table-cell table:formula="oooc:=[.E33]+2" office:value-type="float" office:value="72"><text:p>72</text:p></table:table-cell><table:table-cell table:formula="oooc:=LOG([.E34];10)" office:value-type="float" office:value="1.85733249643127"><text:p>1,857</text:p></table:table-cell></table:table-row><table:table-row table:style-name="ro1"><table:table-cell table:formula="oooc:=[.A34]+0.1" office:value-type="float" office:value="3.1"><text:p>3,1</text:p></table:table-cell><table:table-cell table:formula="oooc:=LOG([.A35];10)" office:value-type="float" office:value="0.491361693834273"><text:p>0,491</text:p></table:table-cell><table:table-cell table:formula="oooc:=[.C34]+0.1" office:value-type="float" office:value="8.19999999999999"><text:p>8,2</text:p></table:table-cell><table:table-cell table:formula="oooc:=LOG([.C35];10)" office:value-type="float" office:value="0.913813852383716"><text:p>0,914</text:p></table:table-cell><table:table-cell table:formula="oooc:=[.E34]+2" office:value-type="float" office:value="74"><text:p>74</text:p></table:table-cell><table:table-cell table:formula="oooc:=LOG([.E35];10)" office:value-type="float" office:value="1.86923171973098"><text:p>1,869</text:p></table:table-cell></table:table-row><table:table-row table:style-name="ro1"><table:table-cell table:formula="oooc:=[.A35]+0.1" office:value-type="float" office:value="3.2"><text:p>3,2</text:p></table:table-cell><table:table-cell table:formula="oooc:=LOG([.A36];10)" office:value-type="float" office:value="0.505149978319906"><text:p>0,505</text:p></table:table-cell><table:table-cell table:formula="oooc:=[.C35]+0.1" office:value-type="float" office:value="8.29999999999999"><text:p>8,3</text:p></table:table-cell><table:table-cell table:formula="oooc:=LOG([.C36];10)" office:value-type="float" office:value="0.919078092376073"><text:p>0,919</text:p></table:table-cell><table:table-cell table:formula="oooc:=[.E35]+2" office:value-type="float" office:value="76"><text:p>76</text:p></table:table-cell><table:table-cell table:formula="oooc:=LOG([.E36];10)" office:value-type="float" office:value="1.88081359228079"><text:p>1,881</text:p></table:table-cell></table:table-row><table:table-row table:style-name="ro1"><table:table-cell table:formula="oooc:=[.A36]+0.1" office:value-type="float" office:value="3.3"><text:p>3,3</text:p></table:table-cell><table:table-cell table:formula="oooc:=LOG([.A37];10)" office:value-type="float" office:value="0.518513939877888"><text:p>0,519</text:p></table:table-cell><table:table-cell table:formula="oooc:=[.C36]+0.1" office:value-type="float" office:value="8.39999999999999"><text:p>8,4</text:p></table:table-cell><table:table-cell table:formula="oooc:=LOG([.C37];10)" office:value-type="float" office:value="0.924279286061881"><text:p>0,924</text:p></table:table-cell><table:table-cell table:formula="oooc:=[.E36]+2" office:value-type="float" office:value="78"><text:p>78</text:p></table:table-cell><table:table-cell table:formula="oooc:=LOG([.E37];10)" office:value-type="float" office:value="1.89209460269048"><text:p>1,892</text:p></table:table-cell></table:table-row><table:table-row table:style-name="ro1"><table:table-cell table:formula="oooc:=[.A37]+0.1" office:value-type="float" office:value="3.4"><text:p>3,4</text:p></table:table-cell><table:table-cell table:formula="oooc:=LOG([.A38];10)" office:value-type="float" office:value="0.531478917042255"><text:p>0,531</text:p></table:table-cell><table:table-cell table:formula="oooc:=[.C37]+0.1" office:value-type="float" office:value="8.49999999999999"><text:p>8,5</text:p></table:table-cell><table:table-cell table:formula="oooc:=LOG([.C38];10)" office:value-type="float" office:value="0.929418925714292"><text:p>0,929</text:p></table:table-cell><table:table-cell table:formula="oooc:=[.E37]+2" office:value-type="float" office:value="80"><text:p>80</text:p></table:table-cell><table:table-cell table:formula="oooc:=LOG([.E38];10)" office:value-type="float" office:value="1.90308998699194"><text:p>1,903</text:p></table:table-cell></table:table-row><table:table-row table:style-name="ro1"><table:table-cell table:formula="oooc:=[.A38]+0.1" office:value-type="float" office:value="3.5"><text:p>3,5</text:p></table:table-cell><table:table-cell table:formula="oooc:=LOG([.A39];10)" office:value-type="float" office:value="0.544068044350276"><text:p>0,544</text:p></table:table-cell><table:table-cell table:formula="oooc:=[.C38]+0.1" office:value-type="float" office:value="8.59999999999999"><text:p>8,6</text:p></table:table-cell><table:table-cell table:formula="oooc:=LOG([.C39];10)" office:value-type="float" office:value="0.934498451243567"><text:p>0,934</text:p></table:table-cell><table:table-cell table:formula="oooc:=[.E38]+2" office:value-type="float" office:value="82"><text:p>82</text:p></table:table-cell><table:table-cell table:formula="oooc:=LOG([.E39];10)" office:value-type="float" office:value="1.91381385238372"><text:p>1,914</text:p></table:table-cell></table:table-row><table:table-row table:style-name="ro1"><table:table-cell table:formula="oooc:=[.A39]+0.1" office:value-type="float" office:value="3.6"><text:p>3,6</text:p></table:table-cell><table:table-cell table:formula="oooc:=LOG([.A40];10)" office:value-type="float" office:value="0.556302500767287"><text:p>0,556</text:p></table:table-cell><table:table-cell table:formula="oooc:=[.C39]+0.1" office:value-type="float" office:value="8.69999999999999"><text:p>8,7</text:p></table:table-cell><table:table-cell table:formula="oooc:=LOG([.C40];10)" office:value-type="float" office:value="0.939519252618618"><text:p>0,940</text:p></table:table-cell><table:table-cell table:formula="oooc:=[.E39]+2" office:value-type="float" office:value="84"><text:p>84</text:p></table:table-cell><table:table-cell table:formula="oooc:=LOG([.E40];10)" office:value-type="float" office:value="1.92427928606188"><text:p>1,924</text:p></table:table-cell></table:table-row><table:table-row table:style-name="ro1"><table:table-cell table:formula="oooc:=[.A40]+0.1" office:value-type="float" office:value="3.7"><text:p>3,7</text:p></table:table-cell><table:table-cell table:formula="oooc:=LOG([.A41];10)" office:value-type="float" office:value="0.568201724066995"><text:p>0,568</text:p></table:table-cell><table:table-cell table:formula="oooc:=[.C40]+0.1" office:value-type="float" office:value="8.79999999999999"><text:p>8,8</text:p></table:table-cell><table:table-cell table:formula="oooc:=LOG([.C41];10)" office:value-type="float" office:value="0.944482672150168"><text:p>0,944</text:p></table:table-cell><table:table-cell table:formula="oooc:=[.E40]+2" office:value-type="float" office:value="86"><text:p>86</text:p></table:table-cell><table:table-cell table:formula="oooc:=LOG([.E41];10)" office:value-type="float" office:value="1.93449845124357"><text:p>1,934</text:p></table:table-cell></table:table-row><table:table-row table:style-name="ro1"><table:table-cell table:formula="oooc:=[.A41]+0.1" office:value-type="float" office:value="3.8"><text:p>3,8</text:p></table:table-cell><table:table-cell table:formula="oooc:=LOG([.A42];10)" office:value-type="float" office:value="0.57978359661681"><text:p>0,580</text:p></table:table-cell><table:table-cell table:formula="oooc:=[.C41]+0.1" office:value-type="float" office:value="8.89999999999998"><text:p>8,9</text:p></table:table-cell><table:table-cell table:formula="oooc:=LOG([.C42];10)" office:value-type="float" office:value="0.949390006644912"><text:p>0,949</text:p></table:table-cell><table:table-cell table:formula="oooc:=[.E41]+2" office:value-type="float" office:value="88"><text:p>88</text:p></table:table-cell><table:table-cell table:formula="oooc:=LOG([.E42];10)" office:value-type="float" office:value="1.94448267215017"><text:p>1,944</text:p></table:table-cell></table:table-row><table:table-row table:style-name="ro1"><table:table-cell table:formula="oooc:=[.A42]+0.1" office:value-type="float" office:value="3.9"><text:p>3,9</text:p></table:table-cell><table:table-cell table:formula="oooc:=LOG([.A43];10)" office:value-type="float" office:value="0.591064607026499"><text:p>0,591</text:p></table:table-cell><table:table-cell table:formula="oooc:=[.C42]+0.1" office:value-type="float" office:value="8.99999999999998"><text:p>9</text:p></table:table-cell><table:table-cell table:formula="oooc:=LOG([.C43];10)" office:value-type="float" office:value="0.954242509439324"><text:p>0,954</text:p></table:table-cell><table:table-cell table:formula="oooc:=[.E42]+2" office:value-type="float" office:value="90"><text:p>90</text:p></table:table-cell><table:table-cell table:formula="oooc:=LOG([.E43];10)" office:value-type="float" office:value="1.95424250943933"><text:p>1,954</text:p></table:table-cell></table:table-row><table:table-row table:style-name="ro1"><table:table-cell table:formula="oooc:=[.A43]+0.1" office:value-type="float" office:value="4"><text:p>4</text:p></table:table-cell><table:table-cell table:formula="oooc:=LOG([.A44];10)" office:value-type="float" office:value="0.602059991327963"><text:p>0,602</text:p></table:table-cell><table:table-cell table:formula="oooc:=[.C43]+0.1" office:value-type="float" office:value="9.09999999999998"><text:p>9,1</text:p></table:table-cell><table:table-cell table:formula="oooc:=LOG([.C44];10)" office:value-type="float" office:value="0.959041392321093"><text:p>0,959</text:p></table:table-cell><table:table-cell table:formula="oooc:=[.E43]+2" office:value-type="float" office:value="92"><text:p>92</text:p></table:table-cell><table:table-cell table:formula="oooc:=LOG([.E44];10)" office:value-type="float" office:value="1.96378782734556"><text:p>1,964</text:p></table:table-cell></table:table-row><table:table-row table:style-name="ro1"><table:table-cell table:formula="oooc:=[.A44]+0.1" office:value-type="float" office:value="4.1"><text:p>4,1</text:p></table:table-cell><table:table-cell table:formula="oooc:=LOG([.A45];10)" office:value-type="float" office:value="0.612783856719736"><text:p>0,613</text:p></table:table-cell><table:table-cell table:formula="oooc:=[.C44]+0.1" office:value-type="float" office:value="9.19999999999998"><text:p>9,2</text:p></table:table-cell><table:table-cell table:formula="oooc:=LOG([.C45];10)" office:value-type="float" office:value="0.963787827345554"><text:p>0,964</text:p></table:table-cell><table:table-cell table:formula="oooc:=[.E44]+2" office:value-type="float" office:value="94"><text:p>94</text:p></table:table-cell><table:table-cell table:formula="oooc:=LOG([.E45];10)" office:value-type="float" office:value="1.9731278535997"><text:p>1,973</text:p></table:table-cell></table:table-row><table:table-row table:style-name="ro1"><table:table-cell table:formula="oooc:=[.A45]+0.1" office:value-type="float" office:value="4.2"><text:p>4,2</text:p></table:table-cell><table:table-cell table:formula="oooc:=LOG([.A46];10)" office:value-type="float" office:value="0.623249290397901"><text:p>0,623</text:p></table:table-cell><table:table-cell table:formula="oooc:=[.C45]+0.1" office:value-type="float" office:value="9.29999999999998"><text:p>9,3</text:p></table:table-cell><table:table-cell table:formula="oooc:=LOG([.C46];10)" office:value-type="float" office:value="0.968482948553934"><text:p>0,968</text:p></table:table-cell><table:table-cell table:formula="oooc:=[.E45]+2" office:value-type="float" office:value="96"><text:p>96</text:p></table:table-cell><table:table-cell table:formula="oooc:=LOG([.E46];10)" office:value-type="float" office:value="1.98227123303957"><text:p>1,982</text:p></table:table-cell></table:table-row><table:table-row table:style-name="ro1"><table:table-cell table:formula="oooc:=[.A46]+0.1" office:value-type="float" office:value="4.3"><text:p>4,3</text:p></table:table-cell><table:table-cell table:formula="oooc:=LOG([.A47];10)" office:value-type="float" office:value="0.633468455579587"><text:p>0,633</text:p></table:table-cell><table:table-cell table:formula="oooc:=[.C46]+0.1" office:value-type="float" office:value="9.39999999999998"><text:p>9,4</text:p></table:table-cell><table:table-cell table:formula="oooc:=LOG([.C47];10)" office:value-type="float" office:value="0.973127853599698"><text:p>0,973</text:p></table:table-cell><table:table-cell table:formula="oooc:=[.E46]+2" office:value-type="float" office:value="98"><text:p>98</text:p></table:table-cell><table:table-cell table:formula="oooc:=LOG([.E47];10)" office:value-type="float" office:value="1.9912260756925"><text:p>1,991</text:p></table:table-cell></table:table-row><table:table-row table:style-name="ro1"><table:table-cell table:formula="oooc:=[.A47]+0.1" office:value-type="float" office:value="4.4"><text:p>4,4</text:p></table:table-cell><table:table-cell table:formula="oooc:=LOG([.A48];10)" office:value-type="float" office:value="0.643452676486187"><text:p>0,643</text:p></table:table-cell><table:table-cell table:formula="oooc:=[.C47]+0.1" office:value-type="float" office:value="9.49999999999998"><text:p>9,5</text:p></table:table-cell><table:table-cell table:formula="oooc:=LOG([.C48];10)" office:value-type="float" office:value="0.977723605288847"><text:p>0,978</text:p></table:table-cell><table:table-cell table:formula="oooc:=[.E47]+2" office:value-type="float" office:value="100"><text:p>100</text:p></table:table-cell><table:table-cell table:formula="oooc:=LOG([.E48];10)" office:value-type="float" office:value="2"><text:p>2,000</text:p></table:table-cell></table:table-row><table:table-row table:style-name="ro1"><table:table-cell table:formula="oooc:=[.A48]+0.1" office:value-type="float" office:value="4.5"><text:p>4,5</text:p></table:table-cell><table:table-cell table:formula="oooc:=LOG([.A49];10)" office:value-type="float" office:value="0.653212513775344"><text:p>0,653</text:p></table:table-cell><table:table-cell table:formula="oooc:=[.C48]+0.1" office:value-type="float" office:value="9.59999999999998"><text:p>9,6</text:p></table:table-cell><table:table-cell table:formula="oooc:=LOG([.C49];10)" office:value-type="float" office:value="0.982271233039568"><text:p>0,982</text:p></table:table-cell><table:table-cell table:formula="oooc:=[.E48]+2" office:value-type="float" office:value="102"><text:p>102</text:p></table:table-cell><table:table-cell table:formula="oooc:=LOG([.E49];10)" office:value-type="float" office:value="2.00860017176192"><text:p>2,009</text:p></table:table-cell></table:table-row><table:table-row table:style-name="ro1"><table:table-cell table:formula="oooc:=[.A49]+0.1" office:value-type="float" office:value="4.6"><text:p>4,6</text:p></table:table-cell><table:table-cell table:formula="oooc:=LOG([.A50];10)" office:value-type="float" office:value="0.662757831681574"><text:p>0,663</text:p></table:table-cell><table:table-cell table:formula="oooc:=[.C49]+0.1" office:value-type="float" office:value="9.69999999999998"><text:p>9,7</text:p></table:table-cell><table:table-cell table:formula="oooc:=LOG([.C50];10)" office:value-type="float" office:value="0.986771734266244"><text:p>0,987</text:p></table:table-cell><table:table-cell table:formula="oooc:=[.E49]+2" office:value-type="float" office:value="104"><text:p>104</text:p></table:table-cell><table:table-cell table:formula="oooc:=LOG([.E50];10)" office:value-type="float" office:value="2.01703333929878"><text:p>2,017</text:p></table:table-cell></table:table-row><table:table-row table:style-name="ro1"><table:table-cell table:formula="oooc:=[.A50]+0.1" office:value-type="float" office:value="4.7"><text:p>4,7</text:p></table:table-cell><table:table-cell table:formula="oooc:=LOG([.A51];10)" office:value-type="float" office:value="0.672097857935717"><text:p>0,672</text:p></table:table-cell><table:table-cell table:formula="oooc:=[.C50]+0.1" office:value-type="float" office:value="9.79999999999998"><text:p>9,8</text:p></table:table-cell><table:table-cell table:formula="oooc:=LOG([.C51];10)" office:value-type="float" office:value="0.991226075692494"><text:p>0,991</text:p></table:table-cell><table:table-cell table:formula="oooc:=[.E50]+2" office:value-type="float" office:value="106"><text:p>106</text:p></table:table-cell><table:table-cell table:formula="oooc:=LOG([.E51];10)" office:value-type="float" office:value="2.02530586526477"><text:p>2,025</text:p></table:table-cell></table:table-row><table:table-row table:style-name="ro1"><table:table-cell table:formula="oooc:=[.A51]+0.1" office:value-type="float" office:value="4.8"><text:p>4,8</text:p></table:table-cell><table:table-cell table:formula="oooc:=LOG([.A52];10)" office:value-type="float" office:value="0.681241237375587"><text:p>0,681</text:p></table:table-cell><table:table-cell table:formula="oooc:=[.C51]+0.1" office:value-type="float" office:value="9.89999999999998"><text:p>9,9</text:p></table:table-cell><table:table-cell table:formula="oooc:=LOG([.C52];10)" office:value-type="float" office:value="0.995635194597549"><text:p>0,996</text:p></table:table-cell><table:table-cell table:formula="oooc:=[.E51]+2" office:value-type="float" office:value="108"><text:p>108</text:p></table:table-cell><table:table-cell table:formula="oooc:=LOG([.E52];10)" office:value-type="float" office:value="2.03342375548695"><text:p>2,033</text:p></table:table-cell></table:table-row><table:table-row table:style-name="ro1"><table:table-cell table:formula="oooc:=[.A52]+0.1" office:value-type="float" office:value="4.9"><text:p>4,9</text:p></table:table-cell><table:table-cell table:formula="oooc:=LOG([.A53];10)" office:value-type="float" office:value="0.690196080028514"><text:p>0,690</text:p></table:table-cell><table:table-cell table:formula="oooc:=[.C52]+0.1" office:value-type="float" office:value="9.99999999999998"><text:p>10</text:p></table:table-cell><table:table-cell table:formula="oooc:=LOG([.C53];10)" office:value-type="float" office:value="0.999999999999999"><text:p>1,000</text:p></table:table-cell><table:table-cell table:formula="oooc:=[.E52]+2" office:value-type="float" office:value="110"><text:p>110</text:p></table:table-cell><table:table-cell table:formula="oooc:=LOG([.E53];10)" office:value-type="float" office:value="2.04139268515822"><text:p>2,041</text:p></table:table-cell></table:table-row></table:table></office:spreadsheet></office:body></office:document-content>