<?xml version="1.0" encoding="UTF-8"?>
<!DOCTYPE math:math PUBLIC "-//OpenOffice.org//DTD Modified W3C MathML 1.01//EN" "math.dtd"><math:math xmlns:math="http://www.w3.org/1998/Math/MathML"><math:semantics><math:mrow><math:mi math:fontstyle="italic">FTBO</math:mi><math:mo math:stretchy="false">=</math:mo><math:mfrac><math:msub><math:mi>U</math:mi><math:mi>t</math:mi></math:msub><math:msub><math:mi>U</math:mi><math:mi>c</math:mi></math:msub></math:mfrac></math:mrow><math:annotation math:encoding="StarMath 5.0">FTBO=U_t over U_c</math:annotation></math:semantics></math:math>