<?xml version="1.0" encoding="UTF-8"?>
<!DOCTYPE math:math PUBLIC "-//OpenOffice.org//DTD Modified W3C MathML 1.01//EN" "math.dtd"><math:math xmlns:math="http://www.w3.org/1998/Math/MathML"><math:semantics><math:mrow><math:mi>C</math:mi><math:mrow><math:mrow><math:mo math:stretchy="false"></math:mo><math:mi>p</math:mi><math:mo math:stretchy="false"></math:mo></math:mrow><math:mo math:stretchy="false">=</math:mo><math:mfrac><math:mi>K</math:mi><math:mrow><math:msub><math:mi>T</math:mi><math:mi>i</math:mi></math:msub><math:mi>p</math:mi></math:mrow></math:mfrac></math:mrow><math:mrow><math:mo math:stretchy="false"></math:mo><math:mrow><math:mrow><math:mn>1</math:mn><math:mo math:stretchy="false"></math:mo><math:msub><math:mi>T</math:mi><math:mi>i</math:mi></math:msub></math:mrow><math:mi>p</math:mi></math:mrow><math:mo math:stretchy="false"></math:mo></math:mrow></math:mrow><math:annotation math:encoding="StarMath 5.0">C(p)=K over {{T_i}p}(1+{T_i}p) </math:annotation></math:semantics></math:math>