<?xml version="1.0" encoding="UTF-8"?>
<office:document-content xmlns:office="urn:oasis:names:tc:opendocument:xmlns:office:1.0" xmlns:style="urn:oasis:names:tc:opendocument:xmlns:style:1.0" xmlns:text="urn:oasis:names:tc:opendocument:xmlns:text:1.0" xmlns:table="urn:oasis:names:tc:opendocument:xmlns:table:1.0" xmlns:draw="urn:oasis:names:tc:opendocument:xmlns:drawing:1.0" xmlns:fo="urn:oasis:names:tc:opendocument:xmlns:xsl-fo-compatible:1.0" xmlns:xlink="http://www.w3.org/1999/xlink" xmlns:dc="http://purl.org/dc/elements/1.1/" xmlns:meta="urn:oasis:names:tc:opendocument:xmlns:meta:1.0" xmlns:number="urn:oasis:names:tc:opendocument:xmlns:datastyle:1.0" xmlns:svg="urn:oasis:names:tc:opendocument:xmlns:svg-compatible:1.0" xmlns:chart="urn:oasis:names:tc:opendocument:xmlns:chart:1.0" xmlns:dr3d="urn:oasis:names:tc:opendocument:xmlns:dr3d:1.0" xmlns:math="http://www.w3.org/1998/Math/MathML" xmlns:form="urn:oasis:names:tc:opendocument:xmlns:form:1.0" xmlns:script="urn:oasis:names:tc:opendocument:xmlns:script:1.0" xmlns:ooo="http://openoffice.org/2004/office" xmlns:ooow="http://openoffice.org/2004/writer" xmlns:oooc="http://openoffice.org/2004/calc" xmlns:dom="http://www.w3.org/2001/xml-events" xmlns:xforms="http://www.w3.org/2002/xforms" xmlns:xsd="http://www.w3.org/2001/XMLSchema" xmlns:xsi="http://www.w3.org/2001/XMLSchema-instance" office:version="1.0"><office:scripts/><office:font-face-decls><style:font-face style:name="Albany" svg:font-family="Albany, Arial"/><style:font-face style:name="Arial" svg:font-family="Arial"/><style:font-face style:name="Tahoma1" svg:font-family="Tahoma"/><style:font-face style:name="Times New Roman" svg:font-family="&apos;Times New Roman&apos;"/><style:font-face style:name="Andale Sans UI" svg:font-family="&apos;Andale Sans UI&apos;" style:font-pitch="variable"/><style:font-face style:name="Tahoma" svg:font-family="Tahoma" style:font-pitch="variable"/><style:font-face style:name="Thorndale" svg:font-family="Thorndale" style:font-family-generic="roman" style:font-pitch="variable"/></office:font-face-decls><office:automatic-styles><style:style style:name="Tableau1" style:family="table"><style:table-properties style:width="16.999cm" table:align="margins"/></style:style><style:style style:name="Tableau1.A" style:family="table-column"><style:table-column-properties style:column-width="8.498cm" style:rel-column-width="32767*"/></style:style><style:style style:name="Tableau1.B" style:family="table-column"><style:table-column-properties style:column-width="8.5cm" style:rel-column-width="32768*"/></style:style><style:style style:name="Tableau1.A1" style:family="table-cell"><style:table-cell-properties fo:padding="0.097cm" fo:border="0.002cm solid #000000"/></style:style><style:style style:name="Tableau1.B1" style:family="table-cell"><style:table-cell-properties fo:padding="0.097cm" fo:border-left="none" fo:border-right="0.002cm solid #000000" fo:border-top="0.002cm solid #000000" fo:border-bottom="0.002cm solid #000000"/></style:style><style:style style:name="P1" style:family="paragraph" style:parent-style-name="Standard"><style:paragraph-properties fo:text-align="center" style:justify-single-word="false"/></style:style><style:style style:name="fr1" style:family="graphic" style:parent-style-name="OLE"><style:graphic-properties style:vertical-pos="middle" style:vertical-rel="baseline" style:horizontal-pos="from-left" style:horizontal-rel="paragraph"/></style:style></office:automatic-styles><office:body><office:text><text:sequence-decls><text:sequence-decl text:display-outline-level="0" text:name="Illustration"/><text:sequence-decl text:display-outline-level="0" text:name="Table"/><text:sequence-decl text:display-outline-level="0" text:name="Text"/><text:sequence-decl text:display-outline-level="0" text:name="Drawing"/></text:sequence-decls><text:p text:style-name="P1"/><text:p text:style-name="P1"/><text:p text:style-name="P1"/><table:table table:name="Tableau1" table:style-name="Tableau1"><table:table-column table:style-name="Tableau1.A"/><table:table-column table:style-name="Tableau1.B"/><table:table-header-rows><table:table-row><table:table-cell table:style-name="Tableau1.A1" office:value-type="string"><text:p text:style-name="Table_20_Heading"><draw:frame draw:style-name="fr1" draw:name="Objet39" text:anchor-type="as-char" svg:width="6.242cm" svg:height="18.099cm" draw:z-index="0"><draw:object xlink:href="./Object 1" xlink:type="simple" xlink:show="embed" xlink:actuate="onLoad"/><draw:image xlink:href="./ObjectReplacements/Object 1" xlink:type="simple" xlink:show="embed" xlink:actuate="onLoad"/></draw:frame></text:p></table:table-cell><table:table-cell table:style-name="Tableau1.B1" office:value-type="string"><text:p text:style-name="Table_20_Heading"><draw:frame draw:style-name="fr1" draw:name="Objet38" text:anchor-type="as-char" svg:width="7.146cm" svg:height="17.881cm" draw:z-index="1"><draw:object xlink:href="./Object 2" xlink:type="simple" xlink:show="embed" xlink:actuate="onLoad"/><draw:image xlink:href="./ObjectReplacements/Object 2" xlink:type="simple" xlink:show="embed" xlink:actuate="onLoad"/></draw:frame></text:p></table:table-cell></table:table-row></table:table-header-rows></table:table><text:p text:style-name="P1"/></office:text></office:body></office:document-content>