<?xml version="1.0" encoding="UTF-8"?>
<office:document-meta xmlns:office="urn:oasis:names:tc:opendocument:xmlns:office:1.0" xmlns:xlink="http://www.w3.org/1999/xlink" xmlns:dc="http://purl.org/dc/elements/1.1/" xmlns:meta="urn:oasis:names:tc:opendocument:xmlns:meta:1.0" xmlns:ooo="http://openoffice.org/2004/office" office:version="1.0"><office:meta><meta:generator>OpenOffice.org/2.0$Win32 OpenOffice.org_project/680m3$Build-8968</meta:generator><meta:initial-creator>JL PHILIPPS</meta:initial-creator><meta:creation-date>2006-01-24T10:14:04</meta:creation-date><dc:creator>JL PHILIPPS</dc:creator><dc:date>2006-01-24T11:09:01</dc:date><dc:language>fr-FR</dc:language><meta:editing-cycles>3</meta:editing-cycles><meta:editing-duration>PT3M46S</meta:editing-duration><meta:user-defined meta:name="Info 1"/><meta:user-defined meta:name="Info 2"/><meta:user-defined meta:name="Info 3"/><meta:user-defined meta:name="Info 4"/><meta:document-statistic meta:table-count="1" meta:image-count="0" meta:object-count="2" meta:page-count="1" meta:paragraph-count="3" meta:word-count="4" meta:character-count="34"/></office:meta></office:document-meta>