<?xml version="1.0" encoding="UTF-8"?>
<!DOCTYPE math:math PUBLIC "-//OpenOffice.org//DTD Modified W3C MathML 1.01//EN" "math.dtd"><math:math xmlns:math="http://www.w3.org/1998/Math/MathML"><math:semantics><math:mrow><math:mfrac><math:msub><math:mi>U</math:mi><math:mi>t</math:mi></math:msub><math:msub><math:mi>U</math:mi><math:mi>c</math:mi></math:msub></math:mfrac><math:mo math:stretchy="false">=</math:mo><math:mfrac><math:mi>G</math:mi><math:mrow><math:mrow><math:mo math:stretchy="false"></math:mo><math:mrow><math:mrow><math:mn>1</math:mn><math:mo math:stretchy="false"></math:mo><math:msub><math:mo math:stretchy="false"></math:mo><math:mn>1</math:mn></math:msub></math:mrow><math:mi>p</math:mi></math:mrow><math:mo math:stretchy="false"></math:mo></math:mrow><math:mn>.</math:mn><math:mrow><math:mo math:stretchy="false"></math:mo><math:mrow><math:mrow><math:mn>1</math:mn><math:mo math:stretchy="false"></math:mo><math:msub><math:mo math:stretchy="false"></math:mo><math:mn>2</math:mn></math:msub></math:mrow><math:mi>p</math:mi></math:mrow><math:mo math:stretchy="false"></math:mo></math:mrow></math:mrow></math:mfrac></math:mrow><math:annotation math:encoding="StarMath 5.0">U_t over U_c= {G } over {(1+{%tau_1}p).(1+{%tau_2}p)  }</math:annotation></math:semantics></math:math>