<?xml version="1.0" encoding="UTF-8"?>
<!DOCTYPE math:math PUBLIC "-//OpenOffice.org//DTD Modified W3C MathML 1.01//EN" "math.dtd"><math:math xmlns:math="http://www.w3.org/1998/Math/MathML"><math:semantics><math:mrow><math:mfrac><math:mover math:accent="true"><math:msub><math:mo math:stretchy="false"></math:mo><math:mn>3</math:mn></math:msub><math:mo math:stretchy="false">˙</math:mo></math:mover><math:mover math:accent="true"><math:msub><math:mo math:stretchy="false"></math:mo><math:mn>1</math:mn></math:msub><math:mo math:stretchy="false">˙</math:mo></math:mover></math:mfrac><math:mo math:stretchy="false">=</math:mo><math:mrow><math:mfrac><math:mi>e</math:mi><math:mi>L</math:mi></math:mfrac><math:mo math:stretchy="false">⋅</math:mo><math:mfrac><math:mrow><math:mrow><math:mo math:stretchy="false"></math:mo><math:mrow><math:mi>L</math:mi><math:mo math:stretchy="false">−</math:mo><math:mi>c</math:mi></math:mrow><math:mo math:stretchy="false"></math:mo></math:mrow><math:mi>sin</math:mi><math:mrow><math:msub><math:mo math:stretchy="false"></math:mo><math:mn>1 </math:mn></math:msub><math:mo math:stretchy="false">−</math:mo><math:mi>d</math:mi></math:mrow><math:mi>cos</math:mi><math:msub><math:mo math:stretchy="false"></math:mo><math:mn>1</math:mn></math:msub></math:mrow><math:mrow><math:mrow><math:mi>d</math:mi><math:mo math:stretchy="false">−</math:mo><math:mi math:fontstyle="italic">esin</math:mi></math:mrow><math:msub><math:mo math:stretchy="false"></math:mo><math:mn>1</math:mn></math:msub></math:mrow></math:mfrac></math:mrow></math:mrow><math:annotation math:encoding="StarMath 5.0">{dot %theta_3} over {dot %theta_1} = {e over L} cdot{ { (L-  c) sin%theta_1 - d cos %theta_1} over {d - esin %theta_1}}</math:annotation></math:semantics></math:math>