<?xml version="1.0" encoding="UTF-8"?>
<!DOCTYPE math:math PUBLIC "-//OpenOffice.org//DTD Modified W3C MathML 1.01//EN" "math.dtd"><math:math xmlns:math="http://www.w3.org/1998/Math/MathML"><math:semantics><math:mrow><math:mi>sin</math:mi><math:mrow><math:msub><math:mo math:stretchy="false"></math:mo><math:mn>3 </math:mn></math:msub><math:mo math:stretchy="false">≃</math:mo><math:mn>0</math:mn></math:mrow></math:mrow><math:annotation math:encoding="StarMath 5.0">sin %theta_3 simeq 0</math:annotation></math:semantics></math:math>