<?xml version="1.0" encoding="UTF-8"?>
<office:document-content xmlns:office="urn:oasis:names:tc:opendocument:xmlns:office:1.0" xmlns:style="urn:oasis:names:tc:opendocument:xmlns:style:1.0" xmlns:text="urn:oasis:names:tc:opendocument:xmlns:text:1.0" xmlns:table="urn:oasis:names:tc:opendocument:xmlns:table:1.0" xmlns:draw="urn:oasis:names:tc:opendocument:xmlns:drawing:1.0" xmlns:fo="urn:oasis:names:tc:opendocument:xmlns:xsl-fo-compatible:1.0" xmlns:xlink="http://www.w3.org/1999/xlink" xmlns:dc="http://purl.org/dc/elements/1.1/" xmlns:meta="urn:oasis:names:tc:opendocument:xmlns:meta:1.0" xmlns:number="urn:oasis:names:tc:opendocument:xmlns:datastyle:1.0" xmlns:svg="urn:oasis:names:tc:opendocument:xmlns:svg-compatible:1.0" xmlns:chart="urn:oasis:names:tc:opendocument:xmlns:chart:1.0" xmlns:dr3d="urn:oasis:names:tc:opendocument:xmlns:dr3d:1.0" xmlns:math="http://www.w3.org/1998/Math/MathML" xmlns:form="urn:oasis:names:tc:opendocument:xmlns:form:1.0" xmlns:script="urn:oasis:names:tc:opendocument:xmlns:script:1.0" xmlns:ooo="http://openoffice.org/2004/office" xmlns:ooow="http://openoffice.org/2004/writer" xmlns:oooc="http://openoffice.org/2004/calc" xmlns:dom="http://www.w3.org/2001/xml-events" xmlns:xforms="http://www.w3.org/2002/xforms" xmlns:xsd="http://www.w3.org/2001/XMLSchema" xmlns:xsi="http://www.w3.org/2001/XMLSchema-instance" office:version="1.0"><office:scripts/><office:font-face-decls><style:font-face style:name="Tahoma2" svg:font-family="Tahoma"/><style:font-face style:name="Andale Sans UI" svg:font-family="&apos;Andale Sans UI&apos;" style:font-pitch="variable"/><style:font-face style:name="Tahoma" svg:font-family="Tahoma" style:font-pitch="variable"/><style:font-face style:name="Andale Sans UI1" svg:font-family="&apos;Andale Sans UI&apos;" style:font-family-generic="roman" style:font-pitch="variable"/><style:font-face style:name="Tahoma1" svg:font-family="Tahoma" style:font-family-generic="roman" style:font-pitch="variable"/><style:font-face style:name="Thorndale" svg:font-family="Thorndale" style:font-family-generic="roman" style:font-pitch="variable"/><style:font-face style:name="Times New Roman" svg:font-family="&apos;Times New Roman&apos;" style:font-family-generic="roman" style:font-pitch="variable"/><style:font-face style:name="Albany" svg:font-family="Albany" style:font-family-generic="swiss" style:font-pitch="variable"/><style:font-face style:name="Thorndale1" svg:font-family="Thorndale" style:font-family-generic="swiss" style:font-pitch="variable"/><style:font-face style:name="Verdana" svg:font-family="Verdana" style:font-family-generic="swiss" style:font-pitch="variable"/></office:font-face-decls><office:automatic-styles><style:style style:name="P1" style:family="paragraph" style:parent-style-name="Standard"><style:paragraph-properties fo:text-align="center" style:justify-single-word="false"/><style:text-properties style:font-name="Albany" fo:font-size="14pt" fo:font-weight="bold" style:font-size-asian="14pt" style:font-weight-asian="bold" style:font-size-complex="14pt" style:font-weight-complex="bold"/></style:style><style:style style:name="P2" style:family="paragraph" style:parent-style-name="Standard"><style:paragraph-properties fo:text-align="center" style:justify-single-word="false"/><style:text-properties fo:font-size="14pt" fo:font-weight="bold" style:font-size-asian="14pt" style:font-weight-asian="bold" style:font-size-complex="14pt" style:font-weight-complex="bold"/></style:style><style:style style:name="P3" style:family="paragraph"><style:paragraph-properties fo:text-align="center"/><style:text-properties fo:font-size="24pt"/></style:style><style:style style:name="P4" style:family="paragraph"><style:paragraph-properties style:writing-mode="lr-tb"/></style:style><style:style style:name="T1" style:family="text"><style:text-properties style:use-window-font-color="true" style:font-name="Verdana" fo:font-size="9pt" fo:language="fr" fo:country="FR" style:font-name-asian="Times New Roman" style:font-size-asian="9pt" style:font-name-complex="Times New Roman" style:font-size-complex="12pt" style:language-complex="ar" style:country-complex="SA"/></style:style><style:style style:name="T2" style:family="text"><style:text-properties style:use-window-font-color="true" style:font-name="Verdana" fo:font-size="9pt" fo:language="fr" fo:country="FR" fo:font-style="italic" style:font-name-asian="Times New Roman" style:font-size-asian="9pt" style:font-style-asian="italic" style:font-name-complex="Times New Roman" style:font-size-complex="12pt" style:language-complex="ar" style:country-complex="SA"/></style:style><style:style style:name="T3" style:family="text"><style:text-properties style:use-window-font-color="true" style:font-name="Verdana" fo:font-size="8pt" fo:language="fr" fo:country="FR" style:font-name-asian="Times New Roman" style:font-size-asian="8pt" style:font-name-complex="Times New Roman" style:font-size-complex="12pt" style:language-complex="ar" style:country-complex="SA"/></style:style><style:style style:name="fr1" style:family="graphic" style:parent-style-name="Frame"><style:graphic-properties fo:margin-left="0cm" fo:margin-right="0cm" fo:margin-top="0cm" fo:margin-bottom="0cm" style:run-through="foreground" style:wrap="none" style:vertical-pos="from-top" style:vertical-rel="page" style:horizontal-pos="from-left" style:horizontal-rel="page" fo:padding-left="0.28cm" fo:padding-right="0.28cm" fo:padding-top="0.153cm" fo:padding-bottom="0.153cm" fo:border="none" style:shadow="none"/></style:style><style:style style:name="fr2" style:family="graphic" style:parent-style-name="Graphics"><style:graphic-properties fo:margin-left="0cm" fo:margin-right="0cm" fo:margin-top="0cm" fo:margin-bottom="0cm" style:run-through="foreground" style:wrap="none" style:vertical-pos="from-top" style:vertical-rel="paragraph" style:horizontal-pos="from-left" style:horizontal-rel="paragraph" fo:padding="0cm" fo:border="none" style:shadow="none" style:mirror="none" fo:clip="rect(0cm 0cm 0cm 0cm)" draw:luminance="0%" draw:contrast="0%" draw:red="0%" draw:green="0%" draw:blue="0%" draw:gamma="100%" draw:color-inversion="false" draw:image-opacity="100%" draw:color-mode="standard"/></style:style><style:style style:name="fr3" style:family="graphic" style:parent-style-name="Frame"><style:graphic-properties fo:margin-left="0cm" fo:margin-right="0cm" fo:margin-top="0cm" fo:margin-bottom="0cm" style:wrap="none" style:vertical-pos="from-top" style:vertical-rel="paragraph" style:horizontal-pos="from-left" style:horizontal-rel="paragraph" fo:padding="0cm" fo:border="none"/></style:style><style:style style:name="fr4" style:family="graphic" style:parent-style-name="Graphics"><style:graphic-properties fo:margin-left="0cm" fo:margin-right="0cm" fo:margin-top="0cm" fo:margin-bottom="0cm" style:run-through="foreground" style:wrap="none" style:vertical-pos="from-top" style:vertical-rel="paragraph-content" style:horizontal-pos="from-left" style:horizontal-rel="paragraph-content" fo:padding="0cm" fo:border="none" style:shadow="none" style:mirror="none" fo:clip="rect(0cm 0cm 0cm 0cm)" draw:luminance="0%" draw:contrast="0%" draw:red="0%" draw:green="0%" draw:blue="0%" draw:gamma="100%" draw:color-inversion="false" draw:image-opacity="100%" draw:color-mode="standard"/></style:style><style:style style:name="fr5" style:family="graphic" style:parent-style-name="Frame"><style:graphic-properties fo:margin-left="0.319cm" fo:margin-right="0.319cm" fo:margin-top="0cm" fo:margin-bottom="0cm" style:run-through="foreground" style:wrap="run-through" style:number-wrapped-paragraphs="no-limit" style:vertical-pos="from-top" style:vertical-rel="paragraph" style:horizontal-pos="from-left" style:horizontal-rel="paragraph" fo:padding="0cm" fo:border="none"/></style:style><style:style style:name="gr1" style:family="graphic"><style:graphic-properties fo:margin-left="0cm" fo:margin-right="0cm" fo:margin-top="0cm" fo:margin-bottom="0cm" style:run-through="foreground" style:wrap="none" style:vertical-pos="top" style:vertical-rel="paragraph" style:horizontal-pos="center" style:horizontal-rel="paragraph" draw:wrap-influence-on-position="once-concurrent" style:flow-with-text="false"/></style:style><style:style style:name="gr2" style:family="graphic"><style:graphic-properties draw:stroke="none" draw:fill="none" draw:opacity="100%" draw:textarea-horizontal-align="center" draw:textarea-vertical-align="middle" draw:shadow="hidden" draw:color-mode="standard" draw:luminance="0%" draw:contrast="0%" draw:gamma="100%" draw:red="0%" draw:green="0%" draw:blue="0%" fo:clip="rect(0cm 0cm 0cm 0cm)" draw:image-opacity="100%" style:mirror="none" style:run-through="foreground"/></style:style><style:style style:name="gr3" style:family="graphic"><style:graphic-properties draw:stroke="solid" svg:stroke-width="0.026cm" svg:stroke-color="#000000" draw:marker-end="msArrowEnd_20_5" draw:marker-end-width="0.37cm" draw:marker-end-center="false" draw:fill="none" draw:fill-color="#ffffff" draw:textarea-horizontal-align="center" draw:textarea-vertical-align="middle" fo:padding-top="0.012cm" fo:padding-bottom="0.012cm" fo:padding-left="0.012cm" fo:padding-right="0.012cm" draw:shadow="hidden" style:run-through="foreground"/></style:style><style:style style:name="gr4" style:family="graphic"><style:graphic-properties draw:stroke="none" draw:fill="none" draw:fill-color="#ffffff" draw:auto-grow-height="false" draw:auto-grow-width="false" fo:min-height="0.099cm" fo:padding-top="0.127cm" fo:padding-bottom="0.127cm" fo:padding-left="0.254cm" fo:padding-right="0.254cm" draw:shadow="hidden" style:run-through="foreground"/></style:style></office:automatic-styles><office:body><office:text><text:sequence-decls><text:sequence-decl text:display-outline-level="0" text:name="Illustration"/><text:sequence-decl text:display-outline-level="0" text:name="Table"/><text:sequence-decl text:display-outline-level="0" text:name="Text"/><text:sequence-decl text:display-outline-level="0" text:name="Drawing"/></text:sequence-decls><draw:frame draw:style-name="fr1" draw:name="Cadre3" text:anchor-type="page" text:anchor-page-number="1" svg:x="2.96cm" svg:y="21.5cm" svg:width="7.34cm" draw:z-index="2"><draw:text-box fo:min-height="5.503cm"><text:p text:style-name="Caption"><draw:frame draw:style-name="fr2" draw:name="Image22" text:anchor-type="paragraph" svg:x="0cm" svg:y="0.399cm" svg:width="7.34cm" style:rel-width="100%" svg:height="5.503cm" style:rel-height="scale" draw:z-index="3"><draw:image xlink:href="Pictures/100000000000040000000300FDCFBF2F.jpg" xlink:type="simple" xlink:show="embed" xlink:actuate="onLoad"/></draw:frame>Photo 3 : Installation de la tuyauterie</text:p></draw:text-box></draw:frame><text:p text:style-name="P1">ALBUM PHOTOS</text:p><text:p text:style-name="P2"/><text:p text:style-name="P2"><draw:frame draw:style-name="fr3" draw:name="Cadre1" text:anchor-type="paragraph" svg:x="0.249cm" svg:y="0.319cm" svg:width="16.482cm" draw:z-index="4"><draw:text-box fo:min-height="11.917cm"><text:p text:style-name="Caption"><draw:frame draw:style-name="fr4" draw:name="Image1" text:anchor-type="paragraph" svg:x="0.004cm" svg:y="0.002cm" svg:width="12.462cm" style:rel-width="100%" svg:height="8.281cm" style:rel-height="scale" draw:z-index="5"><draw:image xlink:href="Pictures/1000000000000800000006007992BDE8.jpg" xlink:type="simple" xlink:show="embed" xlink:actuate="onLoad"/></draw:frame>Photo 1 : l&apos;agitateur avec la chambre de Riccordi</text:p></draw:text-box></draw:frame></text:p><text:p text:style-name="P2"><draw:frame draw:style-name="fr5" draw:name="Cadre2" text:anchor-type="paragraph" svg:x="0.674cm" svg:y="0.219cm" svg:width="15.496cm" draw:z-index="0"><draw:text-box fo:min-height="4.574cm"><text:p text:style-name="Caption"><draw:g text:anchor-type="paragraph" draw:z-index="1" draw:style-name="gr1"><draw:frame draw:style-name="gr2" draw:text-style-name="P3" svg:width="6.086cm" svg:height="4.541cm" svg:x="3.302cm" svg:y="0cm"><draw:image xlink:href="Pictures/1000000000000400000003002271F602.jpg" xlink:type="simple" xlink:show="embed" xlink:actuate="onLoad"><text:p/></draw:image></draw:frame><draw:line draw:style-name="gr3" draw:text-style-name="P3" svg:x1="9.906cm" svg:y1="1.284cm" svg:x2="8.128cm" svg:y2="1.284cm"><text:p/></draw:line><draw:frame draw:style-name="gr4" draw:text-style-name="P4" svg:width="3.811cm" svg:height="0.763cm" svg:x="9.906cm" svg:y="0.776cm"><draw:text-box><text:p text:style-name="P4"><text:span text:style-name="T1">Chambre </text:span><text:span text:style-name="T2">Ricordi</text:span></text:p></draw:text-box></draw:frame><draw:line draw:style-name="gr3" draw:text-style-name="P3" svg:x1="9.906cm" svg:y1="3.57cm" svg:x2="8.128cm" svg:y2="3.57cm"><text:p/></draw:line><draw:frame draw:style-name="gr4" draw:text-style-name="P4" svg:width="5.589cm" svg:height="1.511cm" svg:x="9.906cm" svg:y="3.062cm"><draw:text-box><text:p text:style-name="P4"><text:span text:style-name="T3">Tamis positionné dans la chambre permettant le passage des îlots de Langerhans</text:span></text:p></draw:text-box></draw:frame><draw:frame draw:style-name="gr4" draw:text-style-name="P4" svg:width="2.795cm" svg:height="1.003cm" svg:x="0cm" svg:y="2.554cm"><draw:text-box><text:p text:style-name="P4"><text:span text:style-name="T1">Billes en acier</text:span></text:p></draw:text-box></draw:frame><draw:line draw:style-name="gr3" draw:text-style-name="P3" svg:x1="2.54cm" svg:y1="3.048cm" svg:x2="4.826cm" svg:y2="3.048cm"><text:p/></draw:line></draw:g>Photo 2 : Chambre de Riccordi et ses accessoires</text:p></draw:text-box></draw:frame></text:p></office:text></office:body></office:document-content>