<?xml version="1.0" encoding="UTF-8"?>
<office:document-meta xmlns:office="urn:oasis:names:tc:opendocument:xmlns:office:1.0" xmlns:xlink="http://www.w3.org/1999/xlink" xmlns:dc="http://purl.org/dc/elements/1.1/" xmlns:meta="urn:oasis:names:tc:opendocument:xmlns:meta:1.0" xmlns:ooo="http://openoffice.org/2004/office" office:version="1.0"><office:meta><meta:generator>OpenOffice.org/2.0$Win32 OpenOffice.org_project/680m1$Build-8958</meta:generator><meta:creation-date>2004-11-09T17:26:24</meta:creation-date><dc:creator>BOITEL Pierre-Marie</dc:creator><dc:date>2005-11-30T21:39:36</dc:date><meta:printed-by>BOITEL Pierre-Marie</meta:printed-by><meta:print-date>2005-11-30T21:36:44</meta:print-date><dc:language>fr-FR</dc:language><meta:editing-cycles>12</meta:editing-cycles><meta:editing-duration>PT22M21S</meta:editing-duration><meta:user-defined meta:name="Info 1"/><meta:user-defined meta:name="Info 2"/><meta:user-defined meta:name="Info 3"/><meta:user-defined meta:name="Info 4"/><meta:document-statistic meta:table-count="0" meta:image-count="2" meta:object-count="0" meta:page-count="1" meta:paragraph-count="4" meta:word-count="24" meta:character-count="148"/></office:meta></office:document-meta>