<?xml version="1.0" encoding="UTF-8"?>
<!DOCTYPE math:math PUBLIC "-//OpenOffice.org//DTD Modified W3C MathML 1.01//EN" "math.dtd"><math:math xmlns:math="http://www.w3.org/1998/Math/MathML"><math:semantics><math:mrow><math:mrow><math:msub><math:mi>d</math:mi><math:mn>32 </math:mn></math:msub><math:mo math:stretchy="false">=</math:mo><math:mn>235 </math:mn></math:mrow><math:mi math:fontstyle="italic">mm</math:mi></math:mrow><math:annotation math:encoding="StarMath 5.0">d_32 = 235 mm</math:annotation></math:semantics></math:math>