<?xml version="1.0" encoding="UTF-8"?>
<!DOCTYPE math:math PUBLIC "-//OpenOffice.org//DTD Modified W3C MathML 1.01//EN" "math.dtd"><math:math xmlns:math="http://www.w3.org/1998/Math/MathML"><math:semantics><math:mrow><math:mrow><math:mrow><math:mrow><math:mo math:stretchy="false">∥</math:mo><math:mover math:accent="true"><math:mrow><math:msub><math:mi>O</math:mi><math:mn>1 </math:mn></math:msub><math:msub><math:mi>O</math:mi><math:mn>2</math:mn></math:msub></math:mrow><math:mo math:stretchy="false"></math:mo></math:mover><math:mo math:stretchy="false">∥</math:mo></math:mrow><math:mo math:stretchy="false">=</math:mo><math:mi>e</math:mi></math:mrow><math:mo math:stretchy="false">=</math:mo><math:mn>25</math:mn></math:mrow><math:mrow><math:mo math:stretchy="false"></math:mo><math:mi math:fontstyle="italic">mm</math:mi><math:mo math:stretchy="false"></math:mo></math:mrow></math:mrow><math:annotation math:encoding="StarMath 5.0">ldline widevec{O_1 O_2}rdline = e = 25~(mm)</math:annotation></math:semantics></math:math>