<?xml version="1.0" encoding="UTF-8"?>
<!DOCTYPE math:math PUBLIC "-//OpenOffice.org//DTD Modified W3C MathML 1.01//EN" "math.dtd"><math:math xmlns:math="http://www.w3.org/1998/Math/MathML"><math:semantics><math:mrow><math:mrow><math:mover math:accent="true"><math:msub><math:mo math:stretchy="false"></math:mo><math:mrow><math:mn>1</math:mn><math:mo math:stretchy="false">/</math:mo><math:mn>0</math:mn></math:mrow></math:msub><math:mo math:stretchy="false"></math:mo></math:mover><math:mo math:stretchy="false">=</math:mo><math:msub><math:mo math:stretchy="false"></math:mo><math:mn>10 </math:mn></math:msub></math:mrow><math:mrow><math:mover math:accent="true"><math:mi>z</math:mi><math:mo math:stretchy="false"></math:mo></math:mover><math:mo math:stretchy="false">=</math:mo><math:mrow><math:mo math:stretchy="false">−</math:mo><math:mn>12 </math:mn></math:mrow></math:mrow><math:mover math:accent="true"><math:mi>z</math:mi><math:mo math:stretchy="false"></math:mo></math:mover><math:mrow><math:mo math:stretchy="false"></math:mo><math:mrow><math:mi math:fontstyle="italic">rad</math:mi><math:mo math:stretchy="false">/</math:mo><math:mi>s</math:mi></math:mrow><math:mo math:stretchy="false"></math:mo></math:mrow></math:mrow><math:annotation math:encoding="StarMath 5.0">widevec %OMEGA _{1/0} = %omega_10 vec z = - 12 vec z~(rad/s)</math:annotation></math:semantics></math:math>