<?xml version="1.0" encoding="UTF-8"?>
<!DOCTYPE math:math PUBLIC "-//OpenOffice.org//DTD Modified W3C MathML 1.01//EN" "math.dtd"><math:math xmlns:math="http://www.w3.org/1998/Math/MathML"><math:semantics><math:mover math:accent="true"><math:msub><math:mi>V</math:mi><math:mrow><math:msub><math:mi>G</math:mi><math:mi>c</math:mi></math:msub><math:mrow><math:mn>,3</math:mn><math:mo math:stretchy="false">/</math:mo><math:mn>0</math:mn></math:mrow></math:mrow></math:msub><math:mo math:stretchy="false"></math:mo></math:mover><math:annotation math:encoding="StarMath 5.0">widevec V_{G_c,3/0}</math:annotation></math:semantics></math:math>