<?xml version="1.0" encoding="UTF-8"?>
<!DOCTYPE math:math PUBLIC "-//OpenOffice.org//DTD Modified W3C MathML 1.01//EN" "math.dtd"><math:math xmlns:math="http://www.w3.org/1998/Math/MathML"><math:semantics><math:mrow><math:mrow><math:mover math:accent="true"><math:mrow><math:msub><math:mi>O</math:mi><math:mn>3 </math:mn></math:msub><math:msub><math:mi>O</math:mi><math:mn>1</math:mn></math:msub></math:mrow><math:mo math:stretchy="false"></math:mo></math:mover><math:mo math:stretchy="false">=</math:mo><math:mi>c</math:mi></math:mrow><math:mrow><math:mover math:accent="true"><math:mi>x</math:mi><math:mo math:stretchy="false"></math:mo></math:mover><math:mo math:stretchy="false">−</math:mo><math:mi>d</math:mi></math:mrow><math:mover math:accent="true"><math:mi>y</math:mi><math:mo math:stretchy="false"></math:mo></math:mover></math:mrow><math:annotation math:encoding="StarMath 5.0">widevec{O_3 O_1}=c widevec x - d widevec y  </math:annotation></math:semantics></math:math>