<?xml version="1.0" encoding="UTF-8"?>
<office:document-content xmlns:office="urn:oasis:names:tc:opendocument:xmlns:office:1.0" xmlns:style="urn:oasis:names:tc:opendocument:xmlns:style:1.0" xmlns:text="urn:oasis:names:tc:opendocument:xmlns:text:1.0" xmlns:table="urn:oasis:names:tc:opendocument:xmlns:table:1.0" xmlns:draw="urn:oasis:names:tc:opendocument:xmlns:drawing:1.0" xmlns:fo="urn:oasis:names:tc:opendocument:xmlns:xsl-fo-compatible:1.0" xmlns:xlink="http://www.w3.org/1999/xlink" xmlns:dc="http://purl.org/dc/elements/1.1/" xmlns:meta="urn:oasis:names:tc:opendocument:xmlns:meta:1.0" xmlns:number="urn:oasis:names:tc:opendocument:xmlns:datastyle:1.0" xmlns:svg="urn:oasis:names:tc:opendocument:xmlns:svg-compatible:1.0" xmlns:chart="urn:oasis:names:tc:opendocument:xmlns:chart:1.0" xmlns:dr3d="urn:oasis:names:tc:opendocument:xmlns:dr3d:1.0" xmlns:math="http://www.w3.org/1998/Math/MathML" xmlns:form="urn:oasis:names:tc:opendocument:xmlns:form:1.0" xmlns:script="urn:oasis:names:tc:opendocument:xmlns:script:1.0" xmlns:ooo="http://openoffice.org/2004/office" xmlns:ooow="http://openoffice.org/2004/writer" xmlns:oooc="http://openoffice.org/2004/calc" xmlns:dom="http://www.w3.org/2001/xml-events" xmlns:xforms="http://www.w3.org/2002/xforms" xmlns:xsd="http://www.w3.org/2001/XMLSchema" xmlns:xsi="http://www.w3.org/2001/XMLSchema-instance" office:version="1.0"><office:scripts/><office:font-face-decls><style:font-face style:name="Tahoma1" svg:font-family="Tahoma"/><style:font-face style:name="Albany1" svg:font-family="Albany" style:font-pitch="variable"/><style:font-face style:name="Andale Sans UI" svg:font-family="&apos;Andale Sans UI&apos;" style:font-pitch="variable"/><style:font-face style:name="Tahoma" svg:font-family="Tahoma" style:font-pitch="variable"/><style:font-face style:name="Thorndale" svg:font-family="Thorndale" style:font-family-generic="roman" style:font-pitch="variable"/><style:font-face style:name="Times New Roman" svg:font-family="&apos;Times New Roman&apos;" style:font-family-generic="roman" style:font-pitch="variable"/><style:font-face style:name="Albany" svg:font-family="Albany" style:font-family-generic="swiss" style:font-pitch="variable"/></office:font-face-decls><office:automatic-styles><style:style style:name="P1" style:family="paragraph" style:parent-style-name="Standard" style:master-page-name="Standard"><style:text-properties fo:font-style="italic" style:text-underline-style="solid" style:text-underline-width="auto" style:text-underline-color="font-color" fo:font-weight="bold" style:font-style-asian="italic" style:font-weight-asian="bold" style:font-style-complex="italic" style:font-weight-complex="bold"/></style:style><style:style style:name="P2" style:family="paragraph" style:parent-style-name="Standard"><style:text-properties style:text-position="0% 100%" fo:font-weight="normal" fo:background-color="transparent" style:font-weight-asian="normal" style:font-weight-complex="normal"/></style:style><style:style style:name="P3" style:family="paragraph" style:parent-style-name="Standard"><style:paragraph-properties fo:text-align="start" style:justify-single-word="false"/><style:text-properties style:font-name="Albany"/></style:style><style:style style:name="P4" style:family="paragraph" style:parent-style-name="Heading_20_1"><style:paragraph-properties fo:break-before="page"/><style:text-properties style:font-name="Times New Roman"/></style:style><style:style style:name="P5" style:family="paragraph" style:parent-style-name="Standard"><style:paragraph-properties fo:text-align="justify" style:justify-single-word="false"/><style:text-properties style:font-name="Albany"/></style:style><style:style style:name="P6" style:family="paragraph" style:parent-style-name="Standard"><style:paragraph-properties fo:text-align="justify" style:justify-single-word="false"/></style:style><style:style style:name="P7" style:family="paragraph" style:parent-style-name="Standard"><style:paragraph-properties fo:text-align="start" style:justify-single-word="false"/><style:text-properties fo:font-weight="bold" style:font-weight-asian="bold" style:font-weight-complex="bold"/></style:style><style:style style:name="P8" style:family="paragraph" style:parent-style-name="Standard"><style:paragraph-properties fo:text-align="start" style:justify-single-word="false"/><style:text-properties style:font-name="Times New Roman" fo:background-color="transparent"/></style:style><style:style style:name="P9" style:family="paragraph" style:parent-style-name="Standard"><style:paragraph-properties fo:text-align="start" style:justify-single-word="false" fo:break-before="page"/><style:text-properties style:font-name="Albany" fo:font-size="12pt" fo:font-style="italic" fo:font-weight="normal" fo:background-color="transparent" style:font-size-asian="12pt" style:font-style-asian="italic" style:font-weight-asian="normal" style:font-size-complex="12pt" style:font-style-complex="italic" style:font-weight-complex="normal"/></style:style><style:style style:name="P10" style:family="paragraph" style:parent-style-name="Standard"><style:paragraph-properties fo:text-align="start" style:justify-single-word="false"/><style:text-properties style:font-name="Albany" fo:font-size="12pt" fo:font-style="italic" fo:font-weight="normal" fo:background-color="#ffff00" style:font-size-asian="12pt" style:font-style-asian="italic" style:font-weight-asian="normal" style:font-size-complex="12pt" style:font-style-complex="italic" style:font-weight-complex="normal"/></style:style><style:style style:name="P11" style:family="paragraph" style:parent-style-name="Standard"><style:paragraph-properties fo:text-align="center" style:justify-single-word="false"/><style:text-properties style:font-name="Albany" fo:font-size="12pt" fo:font-style="italic" fo:font-weight="normal" fo:background-color="#ffff00" style:font-size-asian="12pt" style:font-style-asian="italic" style:font-weight-asian="normal" style:font-size-complex="12pt" style:font-style-complex="italic" style:font-weight-complex="normal"/></style:style><style:style style:name="T1" style:family="text"><style:text-properties fo:font-size="12pt" fo:font-style="italic" style:text-underline-style="solid" style:text-underline-width="auto" style:text-underline-color="font-color" fo:font-weight="bold" style:font-size-asian="12pt" style:font-style-asian="italic" style:font-weight-asian="bold" style:font-size-complex="12pt" style:font-style-complex="italic" style:font-weight-complex="bold"/></style:style><style:style style:name="T2" style:family="text"><style:text-properties fo:font-size="12pt" fo:font-style="italic" style:text-underline-style="solid" style:text-underline-width="auto" style:text-underline-color="font-color" fo:font-weight="bold" fo:background-color="transparent" style:font-size-asian="12pt" style:font-style-asian="italic" style:font-weight-asian="bold" style:font-size-complex="12pt" style:font-style-complex="italic" style:font-weight-complex="bold"/></style:style><style:style style:name="T3" style:family="text"><style:text-properties fo:font-size="12pt" fo:font-weight="bold" fo:background-color="transparent" style:font-size-asian="12pt" style:font-weight-asian="bold" style:font-size-complex="12pt" style:font-weight-complex="bold"/></style:style><style:style style:name="T4" style:family="text"><style:text-properties fo:background-color="transparent"/></style:style><style:style style:name="T5" style:family="text"><style:text-properties fo:font-size="12pt" fo:font-style="italic" fo:font-weight="normal" fo:background-color="transparent" style:font-size-asian="12pt" style:font-style-asian="italic" style:font-weight-asian="normal" style:font-size-complex="12pt" style:font-style-complex="italic" style:font-weight-complex="normal"/></style:style><style:style style:name="T6" style:family="text"><style:text-properties fo:font-size="14pt" fo:font-style="italic" style:text-underline-style="solid" style:text-underline-width="auto" style:text-underline-color="font-color" fo:font-weight="bold" style:font-size-asian="14pt" style:font-style-asian="italic" style:font-weight-asian="bold" style:font-size-complex="14pt" style:font-style-complex="italic" style:font-weight-complex="bold"/></style:style><style:style style:name="T7" style:family="text"><style:text-properties fo:font-style="italic" style:text-underline-style="solid" style:text-underline-width="auto" style:text-underline-color="font-color" fo:font-weight="bold" style:font-style-asian="italic" style:font-weight-asian="bold" style:font-style-complex="italic" style:font-weight-complex="bold"/></style:style><style:style style:name="T8" style:family="text"><style:text-properties fo:font-size="12pt" fo:font-style="italic" fo:font-weight="normal" style:font-size-asian="12pt" style:font-style-asian="italic" style:font-weight-asian="normal" style:font-size-complex="12pt" style:font-style-complex="italic" style:font-weight-complex="normal"/></style:style><style:style style:name="T9" style:family="text"><style:text-properties fo:font-size="14pt" style:text-underline-style="solid" style:text-underline-width="auto" style:text-underline-color="font-color" fo:font-weight="bold" style:font-size-asian="14pt" style:font-weight-asian="bold" style:font-size-complex="14pt" style:font-weight-complex="bold"/></style:style><style:style style:name="T10" style:family="text"><style:text-properties fo:font-style="normal" style:font-style-asian="normal" style:font-style-complex="normal"/></style:style><style:style style:name="T11" style:family="text"><style:text-properties style:font-name="Albany1"/></style:style><style:style style:name="fr1" style:family="graphic" style:parent-style-name="Graphics"><style:graphic-properties style:run-through="foreground" style:wrap="run-through" style:number-wrapped-paragraphs="no-limit" style:vertical-pos="from-top" style:vertical-rel="page" style:horizontal-pos="from-left" style:horizontal-rel="paragraph" style:mirror="none" fo:clip="rect(0cm 0cm 0cm 0cm)" draw:luminance="0%" draw:contrast="0%" draw:red="0%" draw:green="0%" draw:blue="0%" draw:gamma="100%" draw:color-inversion="false" draw:image-opacity="100%" draw:color-mode="standard"/></style:style><style:style style:name="fr2" style:family="graphic" style:parent-style-name="Formula"><style:graphic-properties style:vertical-pos="from-top" style:horizontal-pos="from-left" style:horizontal-rel="paragraph-content"/></style:style><style:style style:name="fr3" style:family="graphic" style:parent-style-name="Graphics"><style:graphic-properties style:horizontal-pos="center" style:horizontal-rel="paragraph" style:mirror="none" fo:clip="rect(0cm 0cm 0cm 0cm)" draw:luminance="0%" draw:contrast="0%" draw:red="0%" draw:green="0%" draw:blue="0%" draw:gamma="100%" draw:color-inversion="false" draw:image-opacity="100%" draw:color-mode="standard"/></style:style><style:style style:name="fr4" style:family="graphic" style:parent-style-name="Graphics"><style:graphic-properties style:vertical-pos="from-top" style:vertical-rel="paragraph" style:horizontal-pos="from-left" style:horizontal-rel="paragraph" style:mirror="none" fo:clip="rect(0cm 0cm 0cm 0cm)" draw:luminance="0%" draw:contrast="0%" draw:red="0%" draw:green="0%" draw:blue="0%" draw:gamma="100%" draw:color-inversion="false" draw:image-opacity="100%" draw:color-mode="standard"/></style:style><text:list-style style:name="L1"><text:list-level-style-number text:level="1" style:num-format=""/><text:list-level-style-number text:level="2" style:num-format=""/><text:list-level-style-number text:level="3" style:num-format=""/><text:list-level-style-number text:level="4" style:num-format=""/><text:list-level-style-number text:level="5" style:num-format=""/><text:list-level-style-number text:level="6" style:num-format=""/><text:list-level-style-number text:level="7" style:num-format=""/><text:list-level-style-number text:level="8" style:num-format=""/><text:list-level-style-number text:level="9" style:num-format=""/><text:list-level-style-number text:level="10" style:num-format=""/></text:list-style></office:automatic-styles><office:body><office:text><text:sequence-decls><text:sequence-decl text:display-outline-level="0" text:name="Illustration"/><text:sequence-decl text:display-outline-level="0" text:name="Table"/><text:sequence-decl text:display-outline-level="0" text:name="Text"/><text:sequence-decl text:display-outline-level="0" text:name="Drawing"/></text:sequence-decls><draw:frame draw:style-name="fr1" draw:name="Image5" text:anchor-type="page" text:anchor-page-number="1" svg:x="9.756cm" svg:y="6.225cm" svg:width="8.481cm" svg:height="21.257cm" draw:z-index="4"><draw:image xlink:href="Pictures/1000000000000143000003381FB9E256.jpg" xlink:type="simple" xlink:show="embed" xlink:actuate="onLoad"/></draw:frame><text:p text:style-name="P1">Question 6 : </text:p><text:p text:style-name="Standard"/><text:p text:style-name="Standard">échelle cinématique : <text:s/></text:p><text:p text:style-name="P2">1mm <text:s/>correspond à 10 mm/s </text:p><text:p text:style-name="Standard"/><text:p text:style-name="Standard"/><text:p text:style-name="Standard"/><text:p text:style-name="Standard"/><text:p text:style-name="Standard"/><text:p text:style-name="Standard"/><text:p text:style-name="Standard"/><text:p text:style-name="Standard"/><text:p text:style-name="Standard"/><text:p text:style-name="Standard"><draw:frame draw:style-name="fr2" draw:name="Objet25" text:anchor-type="as-char" svg:y="-10.714cm" svg:width="2.454cm" svg:height="0.637cm" draw:z-index="5"><draw:object xlink:href="./Obj00E3E8A5" xlink:type="simple" xlink:show="embed" xlink:actuate="onLoad"/><draw:image xlink:href="./ObjectReplacements/Obj00E3E8A5" xlink:type="simple" xlink:show="embed" xlink:actuate="onLoad"/></draw:frame></text:p><text:p text:style-name="P3"/><text:p text:style-name="P3"/><text:p text:style-name="P3"/><text:p text:style-name="P3"/><text:h text:style-name="P4" text:outline-level="1"><text:span text:style-name="T1">Question 18</text:span><text:span text:style-name="T2"> </text:span><text:span text:style-name="T3">- </text:span><text:span text:style-name="T4"><text:s/></text:span><text:span text:style-name="T5"> Réponse indicielle et Zoom </text:span></text:h><text:p text:style-name="P5"/><text:p text:style-name="P6"><draw:frame draw:style-name="fr3" draw:name="Image3" text:anchor-type="paragraph" svg:width="16.822cm" svg:height="11.414cm" draw:z-index="1"><draw:image xlink:href="Pictures/10000000000003CF000002AEA6BF3EE3.gif" xlink:type="simple" xlink:show="embed" xlink:actuate="onLoad"/></draw:frame></text:p><text:p text:style-name="P7"><draw:frame draw:style-name="fr4" draw:name="Image1" text:anchor-type="paragraph" svg:x="-0.037cm" svg:y="0.039cm" svg:width="16.909cm" svg:height="8.507cm" draw:z-index="0"><draw:image xlink:href="Pictures/10000000000003DB000002BC5A9F0906.gif" xlink:type="simple" xlink:show="embed" xlink:actuate="onLoad"/></draw:frame></text:p><text:p text:style-name="P8"><draw:frame draw:style-name="fr4" draw:name="Image4" text:anchor-type="paragraph" svg:x="-0.074cm" svg:y="1.224cm" svg:width="17.187cm" svg:height="20.064cm" draw:z-index="2"><draw:image xlink:href="Pictures/10000000000002AF000003DFD3F5E7B8.jpg" xlink:type="simple" xlink:show="embed" xlink:actuate="onLoad"/></draw:frame><text:span text:style-name="T6">Question 22 :</text:span><text:span text:style-name="T7"> </text:span><text:s/><text:span text:style-name="T8"> Tracé de Bode </text:span></text:p><text:p text:style-name="P9"><text:span text:style-name="T9">Question 24</text:span><text:span text:style-name="T10"> -</text:span> <text:s/><text:span text:style-name="T11"> Tracé de Black </text:span></text:p><text:p text:style-name="P10"><draw:frame draw:style-name="fr4" draw:name="Image2" text:anchor-type="paragraph" svg:x="-0.056cm" svg:y="0.15cm" svg:width="17.17cm" svg:height="20.756cm" draw:z-index="3"><draw:image xlink:href="Pictures/1000000000000278000002C727FCBE80.gif" xlink:type="simple" xlink:show="embed" xlink:actuate="onLoad"/></draw:frame></text:p><text:p text:style-name="P11"/></office:text></office:body></office:document-content>