<?xml version="1.0" encoding="UTF-8"?>
<office:document-meta xmlns:office="urn:oasis:names:tc:opendocument:xmlns:office:1.0" xmlns:xlink="http://www.w3.org/1999/xlink" xmlns:dc="http://purl.org/dc/elements/1.1/" xmlns:meta="urn:oasis:names:tc:opendocument:xmlns:meta:1.0" xmlns:ooo="http://openoffice.org/2004/office" office:version="1.0"><office:meta><meta:generator>OpenOffice.org/2.0$Win32 OpenOffice.org_project/680m3$Build-8968</meta:generator><dc:title> </dc:title><meta:initial-creator>Davoine Franck</meta:initial-creator><meta:creation-date>2003-02-17T15:00:00</meta:creation-date><dc:creator>JL PHILIPPS</dc:creator><dc:date>2006-01-18T20:33:48</dc:date><meta:print-date>2003-02-17T13:50:00</meta:print-date><dc:language>en-US</dc:language><meta:editing-cycles>15</meta:editing-cycles><meta:editing-duration>PT40M16S</meta:editing-duration><meta:user-defined meta:name="Info 1"/><meta:user-defined meta:name="Info 2"/><meta:user-defined meta:name="Info 3"/><meta:user-defined meta:name="Info 4"/><meta:document-statistic meta:table-count="0" meta:image-count="5" meta:object-count="1" meta:page-count="4" meta:paragraph-count="10" meta:word-count="32" meta:character-count="206"/></office:meta></office:document-meta>