<?xml version="1.0" encoding="UTF-8"?>
<!DOCTYPE math:math PUBLIC "-//OpenOffice.org//DTD Modified W3C MathML 1.01//EN" "math.dtd"><math:math xmlns:math="http://www.w3.org/1998/Math/MathML"><math:semantics><math:mrow><math:mover math:accent="true"><math:msub><math:mo math:stretchy="false"></math:mo><math:mn>3 </math:mn></math:msub><math:mo math:stretchy="false">¨</math:mo></math:mover><math:mover math:accent="true"><math:msub><math:mo math:stretchy="false"></math:mo><math:mn>3</math:mn></math:msub><math:mo math:stretchy="false">˙</math:mo></math:mover></math:mrow><math:annotation math:encoding="StarMath 5.0">ddot{ %theta}_3 dot %theta_3</math:annotation></math:semantics></math:math>