<?xml version="1.0" encoding="UTF-8"?>
<!DOCTYPE math:math PUBLIC "-//OpenOffice.org//DTD Modified W3C MathML 1.01//EN" "math.dtd"><math:math xmlns:math="http://www.w3.org/1998/Math/MathML"><math:semantics><math:mrow><math:mrow><math:msub><math:mi>I</math:mi><math:mi math:fontstyle="italic">O3z</math:mi></math:msub><math:mo math:stretchy="false">=</math:mo><math:mn>0,6 </math:mn></math:mrow><math:msup><math:mi math:fontstyle="italic">kg.m</math:mi><math:mn>2</math:mn></math:msup></math:mrow><math:annotation math:encoding="StarMath 5.0">I_O3z = 0,6 kg.m^2</math:annotation></math:semantics></math:math>